device,date,y_true,y_pred,last
1241225178,2023-02-11,100.0,100.0147705078125,100.0
1241225178,2023-02-12,100.0,100.02886199951172,100.0
1241225178,2023-02-13,100.0,100.13452911376953,100.0
1241225178,2023-02-14,100.0,99.98277282714844,100.0
1241225178,2023-02-15,100.0,100.05789947509766,100.0
1241225178,2023-02-16,100.0,99.9842529296875,100.0
1241225178,2023-02-17,100.0,100.02822875976562,100.0
1241225178,2023-02-18,100.0,100.05546569824219,100.0
1241225178,2023-02-19,100.0,100.01696014404297,100.0
1241225178,2023-02-20,100.0,100.03804779052734,100.0
1241225178,2023-02-21,100.0,100.02608489990234,100.0
1241225178,2023-02-22,100.0,99.99581909179688,100.0
1241225178,2023-02-23,100.0,100.05460357666016,100.0
1241225178,2023-02-24,100.0,100.04967498779297,100.0
1241225178,2023-02-25,100.0,100.01374053955078,100.0
1241225178,2023-02-27,100.0,99.96410369873047,100.0
1241225178,2023-02-28,99.9000015258789,100.1220474243164,100.0
1241225178,2023-03-01,99.9000015258789,99.92131805419922,99.9000015258789
1241225178,2023-03-02,99.9000015258789,99.9604263305664,99.9000015258789
1241225178,2023-03-03,99.94999694824219,99.90390014648438,99.9000015258789
1241225178,2023-03-04,100.0,100.02002716064453,99.94999694824219
1241225178,2023-03-05,99.69999694824219,100.09346771240234,100.0
1241225178,2023-03-06,99.69999694824219,99.79225158691406,99.69999694824219
1241225178,2023-03-07,99.80000305175781,99.7490463256836,99.69999694824219
1241225178,2023-03-08,99.80000305175781,99.80914306640625,99.80000305175781
1241225178,2023-03-09,99.80000305175781,99.8476333618164,99.80000305175781
1241225178,2023-03-10,99.69999694824219,99.82000732421875,99.80000305175781
1241225178,2023-03-11,99.19999694824219,99.70195770263672,99.69999694824219
1241225178,2023-03-12,99.19999694824219,99.24495697021484,99.19999694824219
1241225178,2023-03-13,99.19999694824219,99.19965362548828,99.19999694824219
1241225178,2023-03-14,99.19999694824219,99.14981079101562,99.19999694824219
1241225178,2023-03-15,99.19999694824219,99.21812438964844,99.19999694824219
1241225178,2023-03-16,99.19999694824219,99.21043395996094,99.19999694824219
1241225178,2023-03-17,99.19999694824219,99.25346374511719,99.19999694824219
1241225178,2023-03-18,99.0999984741211,99.2324447631836,99.19999694824219
1241225178,2023-03-19,98.69999694824219,99.16415405273438,99.0999984741211
1241225178,2023-03-21,98.80000305175781,98.71539306640625,98.69999694824219
1241225178,2023-03-22,98.69999694824219,98.89708709716797,98.80000305175781
1241225178,2023-03-23,98.69999694824219,98.70996856689453,98.69999694824219
1241225178,2023-03-24,98.80000305175781,98.77586364746094,98.69999694824219
1241225178,2023-03-25,98.5999984741211,98.87855529785156,98.80000305175781
1241225178,2023-03-26,98.5999984741211,98.67436981201172,98.5999984741211
1241225178,2023-03-27,98.5999984741211,98.59722900390625,98.5999984741211
1241225178,2023-03-28,98.5999984741211,98.718994140625,98.5999984741211
1241225178,2023-03-29,98.5,98.67081451416016,98.5999984741211
1241225178,2023-03-30,98.5,98.52722930908203,98.5
1241225178,2023-03-31,98.5,98.46290588378906,98.5
1241225178,2023-04-01,98.5,98.56634521484375,98.5
1241225178,2023-04-02,98.5999984741211,98.47100067138672,98.5
1241225178,2023-04-03,98.5999984741211,98.59688568115234,98.5999984741211
1241225178,2023-04-04,98.80000305175781,98.67637634277344,98.5999984741211
1241225178,2023-04-05,98.80000305175781,98.85354614257812,98.80000305175781
1241225178,2023-04-06,98.80000305175781,98.84235382080078,98.80000305175781
1241225178,2023-04-07,98.80000305175781,98.87113189697266,98.80000305175781
1241225178,2023-04-08,98.9000015258789,98.89582824707031,98.80000305175781
1241225178,2023-04-09,98.9000015258789,98.92989349365234,98.9000015258789
1241225178,2023-04-10,98.80000305175781,98.9526596069336,98.9000015258789
1241225178,2023-04-11,98.80000305175781,98.8978500366211,98.80000305175781
1241225178,2023-04-12,98.80000305175781,98.82441711425781,98.80000305175781
1241225178,2023-04-13,98.80000305175781,98.82597351074219,98.80000305175781
1241225178,2023-04-14,98.9000015258789,98.83930206298828,98.80000305175781
1241225178,2023-04-15,98.5999984741211,98.99171447753906,98.9000015258789
1241225178,2023-04-16,98.5999984741211,98.7007064819336,98.5999984741211
1241225178,2023-04-17,99.19999694824219,98.68953704833984,98.5999984741211
1241225178,2023-04-18,98.80000305175781,99.2643814086914,99.19999694824219
1241225178,2023-04-19,98.80000305175781,98.82427215576172,98.80000305175781
1241225178,2023-04-20,98.80000305175781,98.87217712402344,98.80000305175781
1241225178,2023-04-21,98.80000305175781,98.8325424194336,98.80000305175781
1241225178,2023-04-22,98.80000305175781,98.82183074951172,98.80000305175781
1241225178,2023-04-24,98.80000305175781,98.80055236816406,98.80000305175781
1241225178,2023-04-25,98.69999694824219,98.8498306274414,98.80000305175781
1241225178,2023-04-26,98.69999694824219,98.72698974609375,98.69999694824219
1241225178,2023-04-27,98.69999694824219,98.72271728515625,98.69999694824219
1241225178,2023-04-28,98.69999694824219,98.70736694335938,98.69999694824219
1241225178,2023-04-29,98.5999984741211,98.7596435546875,98.69999694824219
1241225178,2023-04-30,98.4000015258789,98.57457733154297,98.5999984741211
1241225178,2023-05-01,98.4000015258789,98.3757553100586,98.4000015258789
1241225178,2023-05-02,98.4000015258789,98.47405242919922,98.4000015258789
1241225178,2023-05-03,98.5,98.44075012207031,98.4000015258789
1241225178,2023-05-04,98.5,98.55174255371094,98.5
1241225178,2023-05-05,98.4000015258789,98.5015869140625,98.5
1241225178,2023-05-06,98.5999984741211,98.45926666259766,98.4000015258789
1241225178,2023-05-07,98.5999984741211,98.61016845703125,98.5999984741211
1241225178,2023-05-08,98.5999984741211,98.60116577148438,98.5999984741211
1241225178,2023-05-09,98.5999984741211,98.63844299316406,98.5999984741211
1241225178,2023-05-10,98.5999984741211,98.6258316040039,98.5999984741211
1241225178,2023-05-11,98.5999984741211,98.61115264892578,98.5999984741211
1241225178,2023-05-12,98.69999694824219,98.57384490966797,98.5999984741211
1241225178,2023-05-13,98.69999694824219,98.74451446533203,98.69999694824219
1241225178,2023-05-14,98.80000305175781,98.7366943359375,98.69999694824219
1241225178,2023-05-15,98.80000305175781,98.81414794921875,98.80000305175781
1241225178,2023-05-16,98.80000305175781,98.78760528564453,98.80000305175781
1241225178,2023-05-17,98.5999984741211,98.7523422241211,98.80000305175781
1241225178,2023-05-18,98.5,98.66297912597656,98.5999984741211
1241225178,2023-05-19,98.5,98.52620697021484,98.5
1241225178,2023-05-20,98.5999984741211,98.60486602783203,98.5
1241225178,2023-05-21,98.30000305175781,98.5997085571289,98.5999984741211
1241225178,2023-05-22,98.30000305175781,98.31932830810547,98.30000305175781
1241225178,2023-05-23,98.30000305175781,98.36064910888672,98.30000305175781
1241225178,2023-05-24,98.4000015258789,98.30692291259766,98.30000305175781
1241225178,2023-05-25,98.5999984741211,98.4052963256836,98.4000015258789
1241225178,2023-05-26,98.5999984741211,98.64287567138672,98.5999984741211
1241225178,2023-05-27,98.5,98.62799835205078,98.5999984741211
1241225178,2023-05-28,98.5,98.51160430908203,98.5
1241225178,2023-05-29,98.5,98.63714599609375,98.5
1241225178,2023-05-30,98.5,98.58085632324219,98.5
1241225178,2023-05-31,98.5999984741211,98.62537384033203,98.5
1241225178,2023-06-01,98.5,98.619873046875,98.5999984741211
1241225178,2023-06-02,98.5,98.59456634521484,98.5
1241225178,2023-06-03,97.4000015258789,98.49900817871094,98.5
1241225178,2023-06-04,97.5,97.46806335449219,97.4000015258789
1241225178,2023-06-05,97.0,97.54679870605469,97.5
1241225178,2023-06-06,96.69999694824219,97.05828857421875,97.0
1241225178,2023-06-07,96.69999694824219,96.74266052246094,96.69999694824219
1241225178,2023-06-08,96.9000015258789,96.75623321533203,96.69999694824219
1241225178,2023-06-09,96.9000015258789,96.96226501464844,96.9000015258789
1241225178,2023-06-10,96.69999694824219,96.95767211914062,96.9000015258789
1241225178,2023-06-12,96.69999694824219,96.72174072265625,96.69999694824219
1241225178,2023-06-13,96.69999694824219,96.78961944580078,96.69999694824219
1241225178,2023-06-14,96.69999694824219,96.75070190429688,96.69999694824219
1241225178,2023-06-15,96.69999694824219,96.8244857788086,96.69999694824219
1241225178,2023-06-16,96.69999694824219,96.75897979736328,96.69999694824219
1241225178,2023-06-17,96.69999694824219,96.7914047241211,96.69999694824219
1241225178,2023-06-18,96.69999694824219,96.7422866821289,96.69999694824219
1241225178,2023-06-19,97.0,96.7529525756836,96.69999694824219
1241225178,2023-06-20,97.0,97.0053939819336,97.0
1241225178,2023-06-21,97.0,97.11107635498047,97.0
1241225178,2023-06-22,97.0,97.05261993408203,97.0
1241225178,2023-06-23,97.19999694824219,97.06326293945312,97.0
1241225178,2023-06-25,97.19999694824219,97.28384399414062,97.19999694824219
1241225178,2023-06-26,97.19999694824219,97.24810028076172,97.19999694824219
1241225178,2023-06-27,97.19999694824219,97.18182373046875,97.19999694824219
1241225178,2023-06-28,97.4000015258789,97.26936340332031,97.19999694824219
1241225178,2023-06-29,97.4000015258789,97.46446228027344,97.4000015258789
1241225211,2023-01-20,100.0,100.02505493164062,100.0
1241225211,2023-01-21,100.0,99.96321868896484,100.0
1241225211,2023-01-22,100.0,99.8102035522461,100.0
1241225211,2023-01-23,100.0,99.86560821533203,100.0
1241225211,2023-01-24,100.0,100.02217102050781,100.0
1241225211,2023-01-25,100.0,100.13208770751953,100.0
1241225211,2023-01-26,100.0,100.00577545166016,100.0
1241225211,2023-01-27,100.0,99.9390640258789,100.0
1241225211,2023-01-28,100.0,99.98853302001953,100.0
1241225211,2023-01-29,100.0,99.79462432861328,100.0
1241225211,2023-01-30,100.0,99.90391540527344,100.0
1241225211,2023-01-31,100.0,99.92109680175781,100.0
1241225211,2023-02-01,100.0,99.80465698242188,100.0
1241225211,2023-02-02,100.0,99.84405517578125,100.0
1241225211,2023-02-03,100.0,99.85299682617188,100.0
1241225211,2023-02-04,100.0,100.04190826416016,100.0
1241225211,2023-02-05,100.0,100.17903900146484,100.0
1241225211,2023-02-06,100.0,99.97987365722656,100.0
1241225211,2023-02-07,100.0,99.89838409423828,100.0
1241225211,2023-02-08,100.0,99.96035766601562,100.0
1241225211,2023-02-09,100.0,99.95703887939453,100.0
1241225211,2023-02-10,100.0,99.81507110595703,100.0
1241225211,2023-02-11,100.0,99.96180725097656,100.0
1241225211,2023-02-12,100.0,99.92408752441406,100.0
1241225211,2023-02-13,100.0,99.96515655517578,100.0
1241225211,2023-02-14,100.0,99.93212127685547,100.0
1241225211,2023-02-15,100.0,99.9632797241211,100.0
1241225211,2023-02-16,100.0,100.04450225830078,100.0
1241225211,2023-02-17,100.0,99.93790435791016,100.0
1241225211,2023-02-18,100.0,100.09874725341797,100.0
1241225211,2023-02-19,100.0,99.86711120605469,100.0
1241225211,2023-02-20,100.0,99.87154388427734,100.0
1241225211,2023-02-21,100.0,99.80464935302734,100.0
1241225211,2023-02-22,100.0,99.86824035644531,100.0
1241225211,2023-02-23,100.0,99.98265075683594,100.0
1241225211,2023-02-24,100.0,100.03472900390625,100.0
1241225211,2023-02-25,100.0,100.03006744384766,100.0
1241225211,2023-02-26,100.0,99.96802520751953,100.0
1241225211,2023-02-27,100.0,99.88379669189453,100.0
1241225211,2023-02-28,100.0,99.92469024658203,100.0
1241225211,2023-03-01,99.80000305175781,99.9471435546875,100.0
1241225211,2023-03-02,99.80000305175781,99.64803314208984,99.80000305175781
1241225211,2023-03-03,99.5,99.60585021972656,99.80000305175781
1241225211,2023-03-04,99.5,99.34052276611328,99.5
1241225211,2023-03-05,99.5,99.37939453125,99.5
1241225211,2023-03-06,99.5,99.35291290283203,99.5
1241225211,2023-03-07,99.4000015258789,99.4649887084961,99.5
1241225211,2023-03-08,99.0,99.42847442626953,99.4000015258789
1241225211,2023-03-09,98.80000305175781,98.92218017578125,99.0
1241225211,2023-03-10,98.5999984741211,98.79066467285156,98.80000305175781
1241225211,2023-03-11,98.5999984741211,98.59760284423828,98.5999984741211
1241225211,2023-03-12,98.5999984741211,98.57048034667969,98.5999984741211
1241225211,2023-03-13,98.5,98.52017211914062,98.5999984741211
1241225211,2023-03-14,98.5,98.4039306640625,98.5
1241225211,2023-03-15,98.5,98.49481201171875,98.5
1241225211,2023-03-16,98.5999984741211,98.4367446899414,98.5
1241225211,2023-03-17,98.5,98.55243682861328,98.5999984741211
1241225211,2023-03-18,98.5,98.37844848632812,98.5
1241225211,2023-03-20,98.5,98.25328063964844,98.5
1241225211,2023-03-21,98.4000015258789,98.49400329589844,98.5
1241225211,2023-03-22,98.4000015258789,98.2068862915039,98.4000015258789
1241225211,2023-03-23,98.30000305175781,98.29415893554688,98.4000015258789
1241225211,2023-03-24,98.4000015258789,98.32242584228516,98.30000305175781
1241225211,2023-03-25,98.4000015258789,98.4400634765625,98.4000015258789
1241225211,2023-03-26,98.4000015258789,98.46438598632812,98.4000015258789
1241225211,2023-03-27,98.4000015258789,98.32376861572266,98.4000015258789
1241225211,2023-03-28,98.4000015258789,98.31375122070312,98.4000015258789
1241225211,2023-03-29,98.4000015258789,98.30177307128906,98.4000015258789
1241225211,2023-03-30,98.4000015258789,98.2347183227539,98.4000015258789
1241225211,2023-03-31,97.80000305175781,98.3424072265625,98.4000015258789
1241225211,2023-04-01,97.80000305175781,97.7851333618164,97.80000305175781
1241225211,2023-04-02,97.80000305175781,97.76851654052734,97.80000305175781
1241225211,2023-04-03,97.80000305175781,97.72438049316406,97.80000305175781
1241225211,2023-04-04,97.5,97.74634552001953,97.80000305175781
1241225211,2023-04-05,97.5,97.4522476196289,97.5
1241225211,2023-04-06,97.5,97.56993865966797,97.5
1241225211,2023-04-07,97.5,97.34732055664062,97.5
1241225211,2023-04-08,97.5,97.54756927490234,97.5
1241225211,2023-04-09,97.5,97.4283447265625,97.5
1241225211,2023-04-10,97.30000305175781,97.4105224609375,97.5
1241225211,2023-04-11,97.30000305175781,97.27889251708984,97.30000305175781
1241225211,2023-04-12,97.30000305175781,97.32334899902344,97.30000305175781
1241225211,2023-04-13,97.30000305175781,97.37052154541016,97.30000305175781
1241225211,2023-04-14,97.19999694824219,97.2325668334961,97.30000305175781
1241225211,2023-04-15,97.19999694824219,97.17869567871094,97.19999694824219
1241225211,2023-04-16,97.19999694824219,97.0846939086914,97.19999694824219
1241225211,2023-04-17,96.9000015258789,97.08821105957031,97.19999694824219
1241225211,2023-04-18,96.8499984741211,96.88256072998047,96.9000015258789
1241225211,2023-04-19,96.80000305175781,96.8146743774414,96.8499984741211
1241225211,2023-04-20,96.4000015258789,96.77363586425781,96.80000305175781
1241225211,2023-04-21,96.4000015258789,96.31480407714844,96.4000015258789
1241225211,2023-04-22,96.4000015258789,96.43128967285156,96.4000015258789
1241225211,2023-04-23,96.4000015258789,96.35868835449219,96.4000015258789
1241225211,2023-04-24,96.4000015258789,96.47296905517578,96.4000015258789
1241225211,2023-04-25,96.4000015258789,96.2502212524414,96.4000015258789
1241225211,2023-04-26,96.0999984741211,96.31290435791016,96.4000015258789
1241225211,2023-04-27,96.0999984741211,96.1228256225586,96.0999984741211
1241225211,2023-04-28,95.9000015258789,95.88500213623047,96.0999984741211
1241225211,2023-04-29,95.69999694824219,95.97401428222656,95.9000015258789
1241225211,2023-05-01,95.80000305175781,95.63751220703125,95.69999694824219
1241225211,2023-05-02,95.9000015258789,95.79190826416016,95.80000305175781
1241225211,2023-05-03,96.0,95.83465576171875,95.9000015258789
1241225211,2023-05-04,96.0,95.84651184082031,96.0
1241225211,2023-05-05,96.0999984741211,96.06166076660156,96.0
1241225211,2023-05-06,96.0999984741211,95.98016357421875,96.0999984741211
1241225211,2023-05-07,96.0999984741211,96.18719482421875,96.0999984741211
1241225211,2023-05-08,96.0999984741211,95.87776184082031,96.0999984741211
1241225211,2023-05-09,96.0,96.03868865966797,96.0999984741211
1241225211,2023-05-10,96.0,95.88063049316406,96.0
1241225211,2023-05-11,96.0,95.8287124633789,96.0
1241225211,2023-05-12,96.0,96.04930114746094,96.0
1241225211,2023-05-13,95.9000015258789,96.0411148071289,96.0
1241225211,2023-05-14,95.9000015258789,95.93940734863281,95.9000015258789
1241225211,2023-05-15,95.9000015258789,95.975830078125,95.9000015258789
1241225211,2023-05-16,95.8499984741211,95.7245101928711,95.9000015258789
1241225211,2023-05-17,95.80000305175781,95.85984802246094,95.8499984741211
1241225211,2023-05-18,96.0,95.78040313720703,95.80000305175781
1241225211,2023-05-19,95.9000015258789,95.92279052734375,96.0
1241225211,2023-05-20,95.9000015258789,95.85074615478516,95.9000015258789
1241225211,2023-05-21,95.69999694824219,95.82090759277344,95.9000015258789
1241225211,2023-05-22,95.69999694824219,95.59073638916016,95.69999694824219
1241225211,2023-05-23,95.69999694824219,95.58817291259766,95.69999694824219
1241225211,2023-05-24,95.30000305175781,95.68405151367188,95.69999694824219
1241225211,2023-05-25,94.69999694824219,95.34796142578125,95.30000305175781
1241225211,2023-05-26,94.69999694824219,94.6516342163086,94.69999694824219
1241225211,2023-05-27,94.80000305175781,94.70056915283203,94.69999694824219
1241225211,2023-05-28,94.80000305175781,94.7726821899414,94.80000305175781
1241225211,2023-05-29,94.80000305175781,94.74962615966797,94.80000305175781
1241225211,2023-05-30,94.80000305175781,94.83853149414062,94.80000305175781
1241225211,2023-05-31,94.80000305175781,94.81497192382812,94.80000305175781
1241225211,2023-06-01,94.9000015258789,94.8593978881836,94.80000305175781
1241225211,2023-06-02,94.69999694824219,94.95820617675781,94.9000015258789
1241225211,2023-06-03,94.69999694824219,94.62601470947266,94.69999694824219
1241225211,2023-06-04,94.69999694824219,94.76568603515625,94.69999694824219
1241225211,2023-06-05,94.69999694824219,94.7427749633789,94.69999694824219
1241225211,2023-06-06,94.69999694824219,94.6633529663086,94.69999694824219
1241225211,2023-06-07,94.69999694824219,94.69916534423828,94.69999694824219
1241225211,2023-06-08,94.69999694824219,94.73606872558594,94.69999694824219
1241225211,2023-06-09,94.69999694824219,94.52466583251953,94.69999694824219
1241225211,2023-06-10,94.9000015258789,94.71271514892578,94.69999694824219
1241225211,2023-06-12,95.0,94.77137756347656,94.9000015258789
1241225211,2023-06-13,95.0,95.09049224853516,95.0
1241225211,2023-06-14,95.0999984741211,94.94332885742188,95.0
1241225211,2023-06-15,95.0999984741211,95.02375030517578,95.0999984741211
1241225211,2023-06-16,95.0999984741211,95.18098449707031,95.0999984741211
1241225211,2023-06-17,95.19999694824219,95.18292999267578,95.0999984741211
1241225211,2023-06-18,95.19999694824219,95.2626953125,95.19999694824219
1241225211,2023-06-19,95.19999694824219,95.20084381103516,95.19999694824219
1241225211,2023-06-20,95.30000305175781,95.12673950195312,95.19999694824219
1241225211,2023-06-21,95.19999694824219,95.1934814453125,95.30000305175781
1241225211,2023-06-22,95.19999694824219,95.10315704345703,95.19999694824219
1241225211,2023-06-23,95.19999694824219,95.12825775146484,95.19999694824219
1241225211,2023-06-24,95.19999694824219,95.13309478759766,95.19999694824219
1241225211,2023-06-25,95.19999694824219,95.28689575195312,95.19999694824219
1241225211,2023-06-26,95.19999694824219,95.21109771728516,95.19999694824219
1241225211,2023-06-27,95.19999694824219,95.20946502685547,95.19999694824219
1241225211,2023-06-28,95.19999694824219,95.07857513427734,95.19999694824219
1241225211,2023-06-29,95.19999694824219,95.25749969482422,95.19999694824219
1241225211,2023-06-30,95.0,95.10078430175781,95.19999694824219
1241225211,2023-07-01,95.0,94.96578979492188,95.0
1241225211,2023-07-03,95.0,94.94264221191406,95.0
1241225211,2023-07-04,95.0,95.0555419921875,95.0
1241225211,2023-07-05,95.0,94.82566833496094,95.0
1241225211,2023-07-06,94.69999694824219,95.03668975830078,95.0
1241225211,2023-07-07,94.9000015258789,94.63262176513672,94.69999694824219
1241225211,2023-07-08,94.9000015258789,94.88062286376953,94.9000015258789
1241225211,2023-07-09,94.9000015258789,95.00407409667969,94.9000015258789
1241225211,2023-07-10,94.9000015258789,94.9087905883789,94.9000015258789
1241225211,2023-07-14,94.9000015258789,94.9255599975586,94.9000015258789
1241225211,2023-07-16,94.9000015258789,94.86884307861328,94.9000015258789
1241225211,2023-07-17,94.9000015258789,94.82591247558594,94.9000015258789
1241225211,2023-07-18,94.9000015258789,95.0577392578125,94.9000015258789
1241225211,2023-07-19,94.9000015258789,94.86275482177734,94.9000015258789
1241225211,2023-07-20,94.9000015258789,94.90056610107422,94.9000015258789
1241225211,2023-07-21,94.9000015258789,94.85070037841797,94.9000015258789
1241225211,2023-07-22,94.9000015258789,94.92117309570312,94.9000015258789
1241225211,2023-07-23,94.9000015258789,94.7855453491211,94.9000015258789
1241225211,2023-07-24,94.9000015258789,94.97895050048828,94.9000015258789
1241225211,2023-07-25,94.9000015258789,94.84233093261719,94.9000015258789
1241225211,2023-07-26,95.0999984741211,95.05615997314453,94.9000015258789
1241225211,2023-07-27,95.0999984741211,95.12110900878906,95.0999984741211
1241225211,2023-07-28,95.0999984741211,95.02040100097656,95.0999984741211
1241225211,2023-07-29,95.0999984741211,94.88417053222656,95.0999984741211
1241225211,2023-07-30,95.0999984741211,95.12422943115234,95.0999984741211
1241225211,2023-08-01,95.0999984741211,94.99702453613281,95.0999984741211
1241225211,2023-08-02,95.0999984741211,95.13623809814453,95.0999984741211
1241225211,2023-08-03,95.0999984741211,95.21775817871094,95.0999984741211
1241225211,2023-08-04,95.0999984741211,95.13922119140625,95.0999984741211
1241225211,2023-08-05,95.1500015258789,95.07694244384766,95.0999984741211
1241225211,2023-08-06,95.19999694824219,95.19123077392578,95.1500015258789
1241225211,2023-08-07,95.19999694824219,95.2581558227539,95.19999694824219
1241225211,2023-08-08,95.19999694824219,95.27315521240234,95.19999694824219
1241225211,2023-08-09,95.19999694824219,95.15592193603516,95.19999694824219
1241225211,2023-08-10,95.19999694824219,95.18036651611328,95.19999694824219
1241225211,2023-08-11,95.19999694824219,95.17868041992188,95.19999694824219
1241225211,2023-08-12,95.19999694824219,95.20999908447266,95.19999694824219
1241225211,2023-08-13,95.19999694824219,95.16205596923828,95.19999694824219
1241225211,2023-08-14,95.19999694824219,95.01039123535156,95.19999694824219
1241225211,2023-08-15,95.19999694824219,95.21690368652344,95.19999694824219
1241225211,2023-08-16,95.19999694824219,95.13101196289062,95.19999694824219
1241225211,2023-08-17,95.19999694824219,95.15596008300781,95.19999694824219
1241225211,2023-08-18,95.19999694824219,95.28211212158203,95.19999694824219
1241225211,2023-08-21,95.19999694824219,95.11640167236328,95.19999694824219
1241225211,2023-08-22,95.19999694824219,95.27314758300781,95.19999694824219
1241225211,2023-08-23,95.5999984741211,95.20423126220703,95.19999694824219
1241225211,2023-08-24,95.5999984741211,95.52812957763672,95.5999984741211
1241225211,2023-08-25,95.5999984741211,95.5882797241211,95.5999984741211
1241225211,2023-08-26,95.5999984741211,95.41618347167969,95.5999984741211
1241225211,2023-08-27,95.69999694824219,95.686767578125,95.5999984741211
1241225211,2023-08-28,95.69999694824219,95.62091827392578,95.69999694824219
1241225211,2023-08-29,95.9000015258789,95.70932006835938,95.69999694824219
1241225211,2023-08-30,95.80000305175781,96.01473236083984,95.9000015258789
1241225220,2023-01-21,100.0,99.87983703613281,100.0
1241225220,2023-01-25,100.0,99.8870849609375,100.0
1241225220,2023-01-26,100.0,99.89886474609375,100.0
1241225220,2023-01-27,100.0,99.86177062988281,100.0
1241225220,2023-01-28,100.0,99.9132308959961,100.0
1241225220,2023-01-30,100.0,99.89288330078125,100.0
1241225220,2023-01-31,100.0,99.89196014404297,100.0
1241225220,2023-03-01,100.0,99.89633178710938,100.0
1241225220,2023-03-02,99.5999984741211,99.90335083007812,100.0
1241225220,2023-03-03,99.5999984741211,99.50782775878906,99.5999984741211
1241225220,2023-03-04,99.4000015258789,99.5032958984375,99.5999984741211
1241225220,2023-03-05,99.0999984741211,99.33399200439453,99.4000015258789
1241225220,2023-03-06,99.0999984741211,99.02240753173828,99.0999984741211
1241225220,2023-03-07,99.0999984741211,99.06388092041016,99.0999984741211
1241225220,2023-03-08,99.0,99.00513458251953,99.0999984741211
1241225220,2023-03-09,98.5,98.92596435546875,99.0
1241225220,2023-03-10,98.0999984741211,98.4068603515625,98.5
1241225220,2023-03-11,98.30000305175781,97.9716567993164,98.0999984741211
1241225220,2023-03-12,98.4000015258789,98.18245697021484,98.30000305175781
1241225220,2023-03-14,98.4000015258789,98.27519226074219,98.4000015258789
1241225220,2023-03-15,97.30000305175781,98.30010223388672,98.4000015258789
1241225220,2023-03-16,97.4000015258789,97.18606567382812,97.30000305175781
1241225220,2023-03-17,97.19999694824219,97.30551147460938,97.4000015258789
1241225220,2023-03-18,98.0,97.06072998046875,97.19999694824219
1241225220,2023-03-19,98.0999984741211,97.91816711425781,98.0
1241225220,2023-03-20,98.0,97.95918273925781,98.0999984741211
1241225220,2023-03-21,98.0,97.88468170166016,98.0
1241225220,2023-03-22,97.80000305175781,97.89479064941406,98.0
1241225220,2023-03-23,97.9000015258789,97.73387908935547,97.80000305175781
1241225220,2023-03-24,97.9000015258789,97.83270263671875,97.9000015258789
1241225220,2023-03-25,97.9000015258789,97.82117462158203,97.9000015258789
1241225220,2023-03-26,98.0,97.81685638427734,97.9000015258789
1241225220,2023-03-27,98.0,97.89185333251953,98.0
1241225220,2023-03-28,97.5999984741211,97.93071746826172,98.0
1241225220,2023-03-29,97.5999984741211,97.51795959472656,97.5999984741211
1241225220,2023-03-30,96.9000015258789,97.54891204833984,97.5999984741211
1241225220,2023-03-31,96.9000015258789,96.8095474243164,96.9000015258789
1241225220,2023-04-01,96.9000015258789,96.8323745727539,96.9000015258789
1241225220,2023-04-02,96.69999694824219,96.8438720703125,96.9000015258789
1241225220,2023-04-03,96.9000015258789,96.65957641601562,96.69999694824219
1241225220,2023-04-04,96.9000015258789,96.83399963378906,96.9000015258789
1241225220,2023-04-05,97.0,96.85166931152344,96.9000015258789
1241225220,2023-04-07,97.05000305175781,96.9323959350586,97.0
1241225220,2023-04-08,97.0999984741211,97.00442504882812,97.05000305175781
1241225220,2023-04-09,97.19999694824219,97.01232147216797,97.0999984741211
1241225220,2023-04-10,97.19999694824219,97.12312316894531,97.19999694824219
1241225220,2023-04-11,97.4000015258789,97.14786529541016,97.19999694824219
1241225220,2023-04-12,97.4000015258789,97.33155059814453,97.4000015258789
1241225220,2023-04-13,97.4000015258789,97.33110046386719,97.4000015258789
1241225220,2023-04-14,97.0,97.3237075805664,97.4000015258789
1241225220,2023-04-15,97.0,96.90170288085938,97.0
1241225220,2023-04-16,97.0999984741211,96.95989990234375,97.0
1241225220,2023-04-17,97.0999984741211,97.02114868164062,97.0999984741211
1241225220,2023-04-18,97.30000305175781,97.0137710571289,97.0999984741211
1241225220,2023-04-19,97.4000015258789,97.202880859375,97.30000305175781
1241225220,2023-04-20,97.30000305175781,97.36536407470703,97.4000015258789
1241225220,2023-04-21,97.0999984741211,97.25491333007812,97.30000305175781
1241225220,2023-04-22,97.19999694824219,97.04148864746094,97.0999984741211
1241225220,2023-04-23,97.30000305175781,97.16378021240234,97.19999694824219
1241225220,2023-04-24,97.30000305175781,97.20242309570312,97.30000305175781
1241225220,2023-04-25,97.30000305175781,97.24238586425781,97.30000305175781
1241225220,2023-04-26,97.19999694824219,97.24604797363281,97.30000305175781
1241225220,2023-04-27,97.30000305175781,97.15526580810547,97.19999694824219
1241225220,2023-04-28,97.30000305175781,97.19034576416016,97.30000305175781
1241225220,2023-04-29,97.4000015258789,97.22760009765625,97.30000305175781
1241225220,2023-04-30,97.5999984741211,97.3296890258789,97.4000015258789
1241225220,2023-05-01,97.4000015258789,97.55785369873047,97.5999984741211
1241225220,2023-05-02,97.4000015258789,97.27676391601562,97.4000015258789
1241225220,2023-05-03,97.5,97.35480499267578,97.4000015258789
1241225220,2023-05-04,97.4000015258789,97.44676971435547,97.5
1241225220,2023-05-05,98.0999984741211,97.33503723144531,97.4000015258789
1241225220,2023-05-06,98.0999984741211,98.02082061767578,98.0999984741211
1241225220,2023-05-08,98.0999984741211,98.0164566040039,98.0999984741211
1241225220,2023-05-09,98.30000305175781,98.01093292236328,98.0999984741211
1241225220,2023-05-10,98.0999984741211,98.22892761230469,98.30000305175781
1241225220,2023-05-11,97.69999694824219,98.059814453125,98.0999984741211
1241225220,2023-05-12,97.69999694824219,97.62398529052734,97.69999694824219
1241225220,2023-05-13,97.5,97.57628631591797,97.69999694824219
1241225220,2023-05-14,97.5,97.43437194824219,97.5
1241225220,2023-05-15,97.5,97.44792175292969,97.5
1241225220,2023-05-16,97.5999984741211,97.44977569580078,97.5
1241225220,2023-05-17,97.5999984741211,97.52765655517578,97.5999984741211
1241225220,2023-05-18,97.5999984741211,97.5556411743164,97.5999984741211
1241225220,2023-05-19,97.55000305175781,97.53954315185547,97.5999984741211
1241225220,2023-05-20,97.5999984741211,97.4985122680664,97.55000305175781
1241225220,2023-05-21,97.5,97.55078887939453,97.5999984741211
1241225220,2023-05-22,97.5,97.44270324707031,97.5
1241225220,2023-05-23,96.19999694824219,97.42414093017578,97.5
1241225220,2023-05-24,96.19999694824219,96.10958099365234,96.19999694824219
1241225220,2023-05-25,96.19999694824219,96.1346664428711,96.19999694824219
1241225220,2023-05-26,96.0999984741211,96.13109588623047,96.19999694824219
1241225220,2023-05-27,96.19999694824219,96.04669189453125,96.0999984741211
1241225220,2023-05-30,96.0999984741211,96.09827423095703,96.19999694824219
1241225220,2023-05-31,96.0999984741211,96.02009582519531,96.0999984741211
1241225220,2023-06-01,96.0,96.04009246826172,96.0999984741211
1241225220,2023-06-02,95.80000305175781,95.98902893066406,96.0
1241225220,2023-06-03,95.9000015258789,95.76409149169922,95.80000305175781
1241225220,2023-06-04,95.94999694824219,95.83595275878906,95.9000015258789
1241225220,2023-06-05,96.0,95.84805297851562,95.94999694824219
1241225220,2023-06-06,96.4000015258789,95.95896911621094,96.0
1241225220,2023-06-07,96.4000015258789,96.34518432617188,96.4000015258789
1241225220,2023-06-08,96.4000015258789,96.35929107666016,96.4000015258789
1241225220,2023-06-09,96.4000015258789,96.36664581298828,96.4000015258789
1241225220,2023-06-10,96.5999984741211,96.35942077636719,96.4000015258789
1241225220,2023-06-11,96.5999984741211,96.5262222290039,96.5999984741211
1241225220,2023-06-12,96.0,96.55570983886719,96.5999984741211
1241225220,2023-06-13,95.9000015258789,95.97113800048828,96.0
1241225220,2023-06-14,95.5999984741211,95.84561157226562,95.9000015258789
1241225220,2023-06-15,95.5999984741211,95.5186538696289,95.5999984741211
1241225220,2023-06-16,95.5,95.53262329101562,95.5999984741211
1241225220,2023-06-17,94.9000015258789,95.44970703125,95.5
1241225220,2023-06-19,95.0,94.81940460205078,94.9000015258789
1241225220,2023-06-20,95.0,94.95817565917969,95.0
1241225220,2023-06-21,95.0,94.94877624511719,95.0
1241225220,2023-06-22,95.0,94.94470977783203,95.0
1241225220,2023-06-23,94.9000015258789,94.9561767578125,95.0
1241225220,2023-06-24,94.69999694824219,94.80037689208984,94.9000015258789
1241225220,2023-06-25,94.80000305175781,94.66156768798828,94.69999694824219
1241225220,2023-06-26,94.9000015258789,94.74842834472656,94.80000305175781
1241225220,2023-06-27,94.30000305175781,94.8879623413086,94.9000015258789
1241225220,2023-06-28,94.0,94.25238037109375,94.30000305175781
1241225220,2023-06-29,94.19999694824219,93.95698547363281,94.0
1241225220,2023-06-30,94.19999694824219,94.18025970458984,94.19999694824219
1241225220,2023-07-01,94.69999694824219,94.19808197021484,94.19999694824219
1241225220,2023-07-02,94.80000305175781,94.64752960205078,94.69999694824219
1241225220,2023-07-03,94.80000305175781,94.72061157226562,94.80000305175781
1241225220,2023-07-04,95.0,94.79612731933594,94.80000305175781
1241225220,2023-07-05,95.19999694824219,94.9664077758789,95.0
1241225220,2023-07-06,95.19999694824219,95.21931457519531,95.19999694824219
1241225220,2023-07-07,95.0999984741211,95.1538314819336,95.19999694824219
1241225220,2023-07-08,95.69999694824219,95.05915069580078,95.0999984741211
1241225220,2023-07-10,95.69999694824219,95.6201171875,95.69999694824219
1241225220,2023-07-11,95.9000015258789,95.70722961425781,95.69999694824219
1241225220,2023-07-12,95.69999694824219,95.84789276123047,95.9000015258789
1241225220,2023-07-13,95.80000305175781,95.67607879638672,95.69999694824219
1241225220,2023-07-17,95.80000305175781,95.73194122314453,95.80000305175781
1241225220,2023-07-18,95.5,95.77285766601562,95.80000305175781
1241225220,2023-07-19,95.5,95.44485473632812,95.5
1241225220,2023-07-20,95.55000305175781,95.45549774169922,95.5
1241225220,2023-07-21,95.69999694824219,95.52508544921875,95.55000305175781
1241225220,2023-07-22,95.80000305175781,95.64759063720703,95.69999694824219
1241225220,2023-07-23,96.0,95.78968048095703,95.80000305175781
1241225220,2023-07-24,96.0,95.92021179199219,96.0
1241225220,2023-07-25,96.19999694824219,95.97447967529297,96.0
1241225220,2023-07-26,96.5,96.18069458007812,96.19999694824219
1241225220,2023-07-27,95.5,96.46875762939453,96.5
1241225220,2023-07-28,95.69999694824219,95.45947265625,95.5
1241225220,2023-07-29,95.80000305175781,95.63402557373047,95.69999694824219
1241225220,2023-07-30,95.9000015258789,95.77297973632812,95.80000305175781
1241225220,2023-07-31,95.9000015258789,95.87569427490234,95.9000015258789
1241225220,2023-08-01,96.5,95.89627075195312,95.9000015258789
1241225220,2023-08-02,96.5,96.49040222167969,96.5
1241225220,2023-08-03,96.5,96.46275329589844,96.5
1241225220,2023-08-04,96.5,96.4720687866211,96.5
1241225220,2023-08-05,96.5999984741211,96.47259521484375,96.5
1241225220,2023-08-06,96.5999984741211,96.57353973388672,96.5999984741211
1241225220,2023-08-07,96.69999694824219,96.54817199707031,96.5999984741211
1241225220,2023-08-08,96.69999694824219,96.66302490234375,96.69999694824219
1241225220,2023-08-09,96.69999694824219,96.667724609375,96.69999694824219
1241225220,2023-08-10,96.80000305175781,96.69869232177734,96.69999694824219
1241225220,2023-08-11,96.9000015258789,96.74441528320312,96.80000305175781
1241225220,2023-08-12,96.4000015258789,96.858154296875,96.9000015258789
1241225220,2023-08-13,96.19999694824219,96.33111572265625,96.4000015258789
1241225220,2023-08-14,96.19999694824219,96.14952850341797,96.19999694824219
1241225220,2023-08-15,96.19999694824219,96.15974426269531,96.19999694824219
1241225220,2023-08-16,96.4000015258789,96.15034484863281,96.19999694824219
1241225220,2023-08-17,96.4000015258789,96.3440933227539,96.4000015258789
1241225220,2023-08-18,96.0,96.33932495117188,96.4000015258789
1241225220,2023-08-19,96.0,95.95935821533203,96.0
1241225220,2023-08-20,96.0,95.9451675415039,96.0
1241225220,2023-08-21,96.0,95.97260284423828,96.0
1241225220,2023-08-22,96.19999694824219,95.94542694091797,96.0
1241225220,2023-08-23,96.4000015258789,96.1325454711914,96.19999694824219
1241225220,2023-08-24,96.5,96.38272094726562,96.4000015258789
1241225220,2023-08-25,96.5,96.46888732910156,96.5
1241225220,2023-08-26,96.80000305175781,96.48314666748047,96.5
1241225220,2023-08-29,96.69999694824219,96.73517608642578,96.80000305175781
1241225220,2023-08-30,96.80000305175781,96.67366790771484,96.69999694824219
1241225226,2023-02-19,93.19999694824219,93.1987533569336,93.19999694824219
1241225226,2023-02-20,93.19999694824219,93.15409088134766,93.19999694824219
1241225226,2023-02-21,93.19999694824219,93.17967224121094,93.19999694824219
1241225226,2023-02-24,93.19999694824219,93.18970489501953,93.19999694824219
1241225226,2023-02-26,93.19999694824219,93.16094207763672,93.19999694824219
1241225226,2023-02-28,93.19999694824219,93.18659973144531,93.19999694824219
1241225226,2023-03-01,93.19999694824219,93.18416595458984,93.19999694824219
1241225226,2023-03-02,94.0,93.10195922851562,93.19999694824219
1241225226,2023-03-03,93.9000015258789,93.97235870361328,94.0
1241225226,2023-03-05,93.9000015258789,93.89803314208984,93.9000015258789
1241225226,2023-03-07,93.9000015258789,93.86591339111328,93.9000015258789
1241225226,2023-03-08,93.5999984741211,93.85453796386719,93.9000015258789
1241225226,2023-03-10,93.5999984741211,93.55901336669922,93.5999984741211
1241225226,2023-03-13,93.69999694824219,93.58458709716797,93.5999984741211
1241225226,2023-03-15,93.69999694824219,93.66976928710938,93.69999694824219
1241225226,2023-03-16,93.69999694824219,93.66483306884766,93.69999694824219
1241225226,2023-03-19,93.69999694824219,93.65332794189453,93.69999694824219
1241225226,2023-03-20,93.69999694824219,93.66238403320312,93.69999694824219
1241225226,2023-03-22,93.69999694824219,93.67147827148438,93.69999694824219
1241225226,2023-03-23,93.69999694824219,93.62671661376953,93.69999694824219
1241225226,2023-03-24,93.69999694824219,93.64881134033203,93.69999694824219
1241225226,2023-03-25,93.69999694824219,93.64677429199219,93.69999694824219
1241225226,2023-03-29,93.69999694824219,93.67684936523438,93.69999694824219
1241225226,2023-03-30,93.5,93.62724304199219,93.69999694824219
1241225226,2023-03-31,93.69999694824219,93.43586730957031,93.5
1241225226,2023-04-01,93.5999984741211,93.69664764404297,93.69999694824219
1241225226,2023-04-03,93.30000305175781,93.55899810791016,93.5999984741211
1241225226,2023-04-06,93.30000305175781,93.25059509277344,93.30000305175781
1241225226,2023-04-07,93.30000305175781,93.3136978149414,93.30000305175781
1241225226,2023-04-08,93.0999984741211,93.27056884765625,93.30000305175781
1241225226,2023-04-10,93.0999984741211,93.06074523925781,93.0999984741211
1241225226,2023-04-12,92.9000015258789,93.05557250976562,93.0999984741211
1241225226,2023-04-15,92.80000305175781,92.76814270019531,92.9000015258789
1241225226,2023-04-17,92.69999694824219,92.78385162353516,92.80000305175781
1241225226,2023-04-19,92.4000015258789,92.66038513183594,92.69999694824219
1241225226,2023-04-21,92.30000305175781,92.41886138916016,92.4000015258789
1241225226,2023-04-26,91.80000305175781,92.22964477539062,92.30000305175781
1241225226,2023-04-28,91.5,91.78296661376953,91.80000305175781
1241225226,2023-04-30,91.4000015258789,91.4696044921875,91.5
1241225226,2023-05-01,91.4000015258789,91.37541198730469,91.4000015258789
1241225226,2023-05-02,91.4000015258789,91.314208984375,91.4000015258789
1241225226,2023-05-03,91.0999984741211,91.37722778320312,91.4000015258789
1241225226,2023-05-07,91.0999984741211,91.04141998291016,91.0999984741211
1241225226,2023-05-08,91.0999984741211,91.07698059082031,91.0999984741211
1241225226,2023-05-10,91.5,91.02412414550781,91.0999984741211
1241225226,2023-05-15,91.5,91.48160552978516,91.5
1241225226,2023-05-16,91.9000015258789,91.5006332397461,91.5
1241225226,2023-05-17,92.0,91.88729095458984,91.9000015258789
1241225226,2023-05-19,91.9000015258789,91.98723602294922,92.0
1241225226,2023-05-20,91.80000305175781,91.90745544433594,91.9000015258789
1241225226,2023-05-22,92.0,91.7585220336914,91.80000305175781
1241225226,2023-05-24,92.0,91.9792251586914,92.0
1241225226,2023-05-26,92.19999694824219,91.97413635253906,92.0
1241225226,2023-05-29,92.19999694824219,92.14408111572266,92.19999694824219
1241225226,2023-05-30,91.9000015258789,92.17739868164062,92.19999694824219
1241225226,2023-05-31,91.69999694824219,91.86566925048828,91.9000015258789
1241225226,2023-06-03,91.4000015258789,91.6717300415039,91.69999694824219
1241225226,2023-06-08,91.4000015258789,91.4068374633789,91.4000015258789
1241225226,2023-06-09,91.80000305175781,91.39031982421875,91.4000015258789
1241225226,2023-06-11,91.80000305175781,91.78234100341797,91.80000305175781
1241225226,2023-06-12,91.80000305175781,91.73342895507812,91.80000305175781
1241225226,2023-06-17,91.5,91.762451171875,91.80000305175781
1241225226,2023-06-20,91.5,91.48530578613281,91.5
1241225226,2023-06-21,91.5,91.48345947265625,91.5
1241225226,2023-06-22,91.5,91.46173858642578,91.5
1241225226,2023-06-25,91.30000305175781,91.42938995361328,91.5
1241225226,2023-07-01,91.30000305175781,91.32887268066406,91.30000305175781
1241225226,2023-07-03,91.80000305175781,91.30360412597656,91.30000305175781
1241225226,2023-07-06,91.80000305175781,91.7870864868164,91.80000305175781
1241225226,2023-07-08,91.80000305175781,91.75028991699219,91.80000305175781
1241225226,2023-07-10,91.80000305175781,91.79225158691406,91.80000305175781
1241225226,2023-07-12,91.80000305175781,91.79725646972656,91.80000305175781
1241225226,2023-07-16,91.80000305175781,91.78097534179688,91.80000305175781
1241225226,2023-07-19,92.0,91.77680206298828,91.80000305175781
1241225226,2023-07-21,92.0,91.99911499023438,92.0
1241225226,2023-07-22,92.0,91.98110961914062,92.0
1241225226,2023-07-24,92.0,91.9706802368164,92.0
1241225226,2023-07-27,92.0,92.0418701171875,92.0
1241225226,2023-07-31,92.0,92.010986328125,92.0
1241225226,2023-08-02,91.5,92.0124740600586,92.0
1241225226,2023-08-04,91.5,91.4701156616211,91.5
1241225226,2023-08-07,91.80000305175781,91.48932647705078,91.5
1241225226,2023-08-11,91.80000305175781,91.78736877441406,91.80000305175781
1241225226,2023-08-12,91.80000305175781,91.81768798828125,91.80000305175781
1241225226,2023-08-14,91.80000305175781,91.79914093017578,91.80000305175781
1241225226,2023-08-15,91.80000305175781,91.82347106933594,91.80000305175781
1241225226,2023-08-17,91.80000305175781,91.79331970214844,91.80000305175781
1241225226,2023-08-19,91.80000305175781,91.78070068359375,91.80000305175781
1241225226,2023-08-25,91.80000305175781,91.81346130371094,91.80000305175781
1241225226,2023-08-26,91.80000305175781,91.79235076904297,91.80000305175781
1241225226,2023-08-28,91.69999694824219,91.81585693359375,91.80000305175781
