device_no,date,soh,chg_mode,cell_volt_mean,n_rows,odometer,chrg_cnt,chrg_cnt_q,cumul_current_dischrgd,cumul_pw_chrgd,cumul_energy_chrgd_q,op_time,mod_min_temp,mod_max_temp,batt_coolant_inlet_temp,ext_temp,pack_current,pack_volt,acceptable_chrg_pw
1241225178,2023-01-19,100.0,1.0,3.7475650118203316,461,23947,240,31,26044.1,8966.5,473,15333350,13.850325379609545,15.331887201735357,22.238611713665943,0.0,-118.87095444685467,338.190021691974,156.1
1241225178,2023-01-30,100.0,1.0,3.7530448028673833,1239,24698,248,33,27011.5,9304.7,497,15969906,14.138821630347055,16.777239709443098,22.408393866020983,0.0,-112.1572800645682,338.73341404358354,155.65246166263114
1241225178,2023-02-04,100.0,1.0,3.84547152194211,1190,25270,255,34,27692.7,9553.4,520,16339685,18.40252100840336,20.04033613445378,22.67731092436975,0.0,-103.99168067226891,347.03159663865546,155.63697478991597
1241225178,2023-02-06,100.0,1.0,3.6903697478991595,1187,25514,257,35,27961.8,9630.3,543,16448895,22.60909856781803,24.624262847514743,25.204717775905646,0.0,-103.98945240101095,333.0085930918282,156.1
1241225178,2023-02-15,100.0,1.0,3.8959696969696966,439,26209,265,36,28743.5,9915.7,549,17008164,13.200455580865604,14.55125284738041,6.3690205011389525,0.0,-68.26719817767653,351.46583143507974,156.07858769931664
1241225178,2023-02-16,100.0,1.0,3.6336063492063495,1743,26574,267,38,29128.0,10021.5,580,17123756,21.065404475043028,26.831899024670108,28.433161216293747,0.0,-97.05714285714286,327.91009753298914,156.1
1241225178,2023-02-18,100.0,1.0,3.714187363834423,510,26828,270,39,29394.8,10120.3,590,17272512,17.850980392156863,22.272549019607844,11.1,0.0,-143.07049019607842,334.96078431372547,156.1
1241225178,2023-02-21,100.0,1.0,3.786840336134454,1195,27172,274,40,29801.7,10276.4,614,17477676,20.181589958158995,23.409205020920503,20.1163179916318,0.0,-136.99025941422593,341.6035146443515,156.1
1241225178,2023-02-25,100.0,1.0,3.7394444444444446,558,27628,279,41,30318.8,10449.1,619,17778600,12.204301075268818,12.956989247311828,10.0,0.0,-50.99551971326165,337.39641577060934,156.1
1241225178,2023-03-09,99.8,1.0,3.974898345153664,465,28650,290,43,31457.4,10860.2,635,18488748,22.311827956989248,23.533333333333335,18.0,0.0,-91.60989247311828,358.70344086021504,149.25225806451613
1241225178,2023-03-23,98.7,1.0,3.684698412698413,491,30114,303,44,32976.8,11361.1,645,19368714,24.74745417515275,27.14256619144603,19.14256619144603,0.0,-105.8183299389002,332.4415478615071,156.1
1241225178,2023-03-30,98.5,1.0,3.784302600472813,469,30978,312,45,33894.6,11685.6,655,19860144,24.300639658848613,26.01492537313433,15.321961620469082,0.0,-154.5644776119403,341.6597014925373,156.1
1241225178,2023-04-07,98.8,1.0,3.995407407407407,1195,31598,320,46,34509.0,11919.6,672,20316300,19.59581589958159,20.80418410041841,17.0,0.0,-71.51322175732219,360.51531380753136,145.72635983263598
1241225178,2023-04-13,98.8,1.0,3.7280481927710842,828,32282,326,47,35174.2,12131.6,689,20721324,25.96256038647343,27.42632850241546,12.88888888888889,0.0,-113.79734299516907,336.4454106280193,156.1
1241225178,2023-05-13,98.7,1.0,3.6371757575757573,1099,35533,357,48,38530.5,13267.4,692,22588792,25.0,27.0,21.0,0.0,-16.006005459508646,328.2291173794358,156.1
1241225178,2023-05-17,98.8,1.0,3.863465667915106,882,36046,360,49,39028.8,13457.8,710,22811304,35.43877551020408,37.68707482993197,19.612244897959183,0.0,-157.52900226757367,348.5760770975056,155.21938775510205
1241225178,2023-05-22,98.6,1.0,3.8707338501291986,1284,36683,365,51,39640.1,13670.1,735,23094188,27.302959501557634,30.9595015576324,13.192367601246106,0.0,-140.8806230529595,349.2484423676012,154.09252336448597
1241225178,2023-06-03,98.4,1.0,3.7832395686826064,2370,38230,376,53,41166.2,14189.9,778,23870932,34.551054852320675,36.586075949367086,23.740084388185654,0.0,-124.99797890295359,341.344388185654,155.97852320675105
1241225178,2023-06-06,97.0,1.0,3.798934734161095,3496,38835,378,56,41716.0,14377.7,841,24026014,33.089530892448515,34.74056064073226,25.081521739130434,0.0,-103.6608037757437,342.6775171624714,155.83595537757438
1241225178,2023-06-14,96.7,1.0,3.5886013071895424,1188,39734,386,57,42536.9,14632.8,856,24456034,32.85437710437711,33.785353535353536,31.487373737373737,0.0,-70.74381313131313,323.87601010101014,156.1
1241225178,2023-06-27,97.2,1.0,3.993241872097177,3104,40949,400,60,43686.9,15066.1,914,25199862,32.306056701030926,34.62274484536083,23.30895618556701,0.0,-93.6137113402062,360.24703608247427,149.6916881443299
1241225211,2022-12-21,100.0,1.0,3.788727407407407,1497,71533,279,509,57568.3,19929.3,8439,15595945,20.43687374749499,25.782231128924515,18.322645290581164,4.501002004008016,-128.88706078824316,341.6957247828991,155.70981963927855
1241225211,2022-12-29,100.0,1.0,3.816757062146893,1183,71768,308,510,57814.9,20042.8,8463,15923357,17.45984784446323,19.69484361792054,23.207100591715978,3.798816568047337,-119.74386306001689,344.40642434488586,156.1
1241225211,2023-01-03,100.0,1.0,3.89365682137834,7103,72493,322,520,58583.9,20282.0,8590,16158497,20.157539067999437,29.605378009291847,16.80627903702661,2.8190905251302265,-102.81851330423765,351.25154160214,151.6137406729551
1241225211,2023-01-07,100.0,1.0,3.876303133903134,1953,72908,331,522,58915.2,20434.6,8629,16324555,18.899129544290833,22.732718894009217,19.993343573988735,6.033794162826421,-109.82646697388633,349.73015873015873,155.16994367639526
1241225211,2023-01-10,100.0,1.0,3.8461393034825866,6025,73596,335,528,59638.4,20677.9,8746,16494850,22.098423236514524,29.005145228215767,16.582904564315353,4.408630705394191,-126.03937925311203,346.9423070539419,154.7459419087137
1241225211,2023-01-11,100.0,1.0,3.8543907531692763,2974,74022,336,530,60017.7,20808.5,8806,16581846,22.399125756556828,28.547074646940146,12.466039004707465,7.139542703429724,-125.96229320780094,347.8172831203766,154.08796234028244
1241225211,2023-01-12,100.0,1.0,3.8457267573696146,1962,74337,337,533,60302.5,20913.2,8844,16639277,21.850662589194698,28.891946992864423,16.74159021406728,8.983180428134556,-127.62517838939857,346.91865443425075,155.02996941896023
1241225211,2023-01-13,100.0,1.0,3.852751493428913,1861,74726,338,535,60654.3,21028.8,8882,16716484,20.9371305749597,29.193981730252553,12.891993551853842,9.602364320257927,-129.81771628156903,347.48264373992475,155.8576571735626
1241225211,2023-01-14,100.0,1.0,3.7901593291404607,524,75001,339,536,60920.8,21114.4,8892,16811996,14.471374045801527,16.009541984732824,22.59351145038168,7.511450381679389,-121.31603053435114,341.8912213740458,156.1
1241225211,2023-01-16,100.0,1.0,3.87669806763285,921,75197,344,537,61113.4,21189.6,8910,16891790,15.400651465798045,17.526601520086864,23.42888165038002,1.6829533116178068,-96.47535287730727,349.64603691639525,155.86340933767642
1241225211,2023-01-19,100.0,1.0,3.859921771413418,8381,76024,359,544,61835.6,21441.7,9072,17092544,21.349838921369766,30.084476792745495,16.390168237680466,1.5792864813268106,-113.79271805273834,348.2188998926143,153.66648371316072
1241225211,2023-01-20,100.0,1.0,3.818066157760814,1309,76134,359,545,61925.6,21471.9,9098,17110944,20.025974025974026,24.693659281894575,23.549274255156607,4.974789915966387,-117.78067226890757,344.3538579067991,156.01932773109243
1241225211,2023-01-21,100.0,1.0,3.8313766478342752,1181,76375,366,546,62146.7,21548.1,9122,17199414,18.11346316680779,20.99237933954276,22.277730736663845,-0.1718882303132938,-119.11103302286199,345.5412362404742,156.03776460626588
1241225211,2023-01-22,100.0,1.0,4.001967078189299,269,76375,366,547,62146.7,21552.1,9125,17199956,24.91078066914498,28.0,15.992565055762082,0.0,-59.856728624535315,360.97732342007436,148.68475836431224
1241225211,2023-01-24,100.0,1.0,4.0518285714285724,349,76534,367,548,62298.9,21609.4,9128,17293632,-2.988538681948424,-1.7478510028653296,7.5501432664756445,-8.994269340974212,-33.29085959885387,365.578223495702,51.02550143266476
1241225211,2023-01-26,100.0,1.0,3.890716475095785,1153,76659,372,549,62421.9,21647.9,9150,17373812,16.78143972246314,19.49349522983521,22.0745880312229,-0.24284475281873374,-99.3617866435386,351.039462272333,154.2198612315698
1241225211,2023-01-27,100.0,1.0,3.8423018994789038,6609,77246,376,558,63041.9,21856.4,9271,17481002,20.559237403540628,29.66500226963232,18.940838250870026,-4.500529580874565,-110.11636102284764,346.5724012709941,153.98285671054623
1241225211,2023-01-30,100.0,1.0,3.8027069044352997,2437,77608,390,561,63433.6,21990.6,9320,17638940,23.325400082068118,28.8621255642183,13.830939679934346,4.920393926959377,-148.20858432498974,343.10475995075916,155.99757899056215
1241225211,2023-02-01,100.0,1.0,3.62954484605087,822,78031,392,563,63781.8,22073.1,9337,17743268,17.67883211678832,22.546228710462287,17.008515815085158,7.669099756690998,-124.23468369829685,327.2912408759124,156.1
1241225211,2023-02-02,100.0,1.0,3.7973960113960112,1171,78295,396,565,63995.4,22167.8,9361,17825472,15.480785653287787,19.335610589239966,23.74124679760888,4.89069171648164,-117.14254483347567,342.53543979504695,156.1
1241225211,2023-02-03,100.0,1.0,3.9149256756756756,2966,78613,399,568,64257.4,22271.5,9405,17901508,15.047875927174646,18.639919082939986,11.82535401213756,5.76298044504383,-80.62536412677005,353.2599460552933,147.75974376264327
1241225211,2023-02-07,100.0,1.0,3.82474595722483,2130,79092,414,570,64680.7,22408.8,9448,18138932,20.952112676056338,23.516901408450703,14.243192488262912,11.184976525821597,-130.08502816901407,345.1361971830986,155.02201877934272
1241225211,2023-02-10,100.0,1.0,3.875168700178949,6825,79865,421,577,65368.0,22659.3,9573,18330440,22.29274725274725,31.974945054945056,13.805421245421245,5.535531135531135,-112.69003516483517,349.5292161172161,151.96701831501832
1241225211,2023-02-11,100.0,1.0,3.7081145833333333,2565,80365,422,580,65834.0,22798.3,9624,18409818,22.49512670565302,28.348148148148148,17.15711500974659,8.11812865497076,-155.5048849902534,334.6288499025341,156.1
1241225211,2023-02-13,100.0,1.0,3.8922464985994396,1186,80534,423,581,65989.2,22877.2,9649,18483700,22.161045531197303,24.922428330522767,13.863406408094436,10.692242833052276,-117.9856323777403,351.18263069139965,154.16720067453625
1241225211,2023-02-14,100.0,1.0,3.8276848484848482,4399,81046,424,585,66443.4,23029.6,9735,18565906,22.471925437599456,29.915889974994318,19.44737440327347,6.429415776312799,-109.14822914298705,345.3917026596954,154.91766310525117
1241225211,2023-02-15,100.0,1.0,3.8409293712316965,2577,81371,426,588,66774.5,23144.2,9779,18639268,20.180442374854483,26.54986418315871,11.87931703531238,6.043849437330229,-112.8601707411719,346.5534730306558,154.84679860302677
1241225211,2023-02-16,100.0,1.0,3.729528007346189,1217,81636,427,590,67057.8,23233.3,9800,18716164,21.199671322925226,27.120788824979456,13.850451930977814,10.020542317173376,-109.16566967953985,336.4426458504519,156.1
1241225211,2023-02-20,100.0,1.0,3.858359937402191,702,81848,442,591,67257.5,23307.6,9814,18889824,17.924501424501425,21.79059829059829,22.263532763532762,7.622507122507122,-118.2574643874644,348.08418803418806,156.1
1241225211,2023-02-23,100.0,1.0,3.786704475308642,2884,82449,448,595,67818.6,23483.3,9873,19067132,19.812413314840498,27.639389736477114,14.874826629681,5.336338418862691,-137.8313557558946,341.5688280166436,156.0274965325936
1241225211,2023-02-24,100.0,1.0,3.8342042194092825,3946,82922,450,600,68273.1,23629.2,9943,19142866,21.399138367967563,29.210086163203243,18.52204764318297,5.641409021794222,-103.90372782564621,345.8454130765332,154.50281297516472
1241225211,2023-02-25,100.0,1.0,3.9024369114877584,1183,83053,451,601,68397.0,23705.9,9963,19205716,14.48858833474218,18.45054945054945,9.748098055790363,4.828402366863905,-85.61207945900253,352.04860524091293,154.28960270498732
1241225211,2023-02-27,100.0,1.0,3.827101331160011,4085,83564,453,606,68868.1,23869.8,10039,19318988,22.072460220318238,27.302570379436965,14.459730722154223,11.840146878824969,-111.79934149326806,345.26457772337824,154.6508690330477
1241225211,2023-02-28,100.0,1.0,3.8334049279404927,4784,84190,454,611,69433.1,24042.8,10135,19408202,22.010660535117058,30.61266722408027,16.64757525083612,7.82378762541806,-129.0004222408027,345.8048076923077,155.14067725752508
1241225211,2023-03-01,100.0,1.0,3.7978160919540227,1443,84576,455,614,69779.2,24142.7,10164,19466332,24.457380457380456,31.46153846153846,18.343728343728344,8.23007623007623,-146.18451836451837,342.5534303534303,155.68835758835758
1241225211,2023-03-02,99.8,1.0,3.86660955927995,7166,85204,461,623,70346.9,24359.1,10293,19581124,20.393245883337986,29.49637175551214,16.053446832263468,3.677086240580519,-110.87647781188947,348.83460787049955,150.96384314819983
1241225211,2023-03-03,99.5,1.0,3.842679621325361,4457,85616,462,628,70724.9,24512.2,10382,19650486,22.50392640789769,28.592775409468253,13.676239623064841,12.191608705407225,-124.06586941889162,346.66522324433475,154.5949966345075
1241225211,2023-03-07,99.5,1.0,3.5253071895424837,167,86144,470,629,71152.9,24615.5,10386,19878288,24.4251497005988,25.317365269461078,22.0,20.0,-112.93413173652695,317.7694610778443,156.1
1241225211,2023-03-08,99.3,1.0,3.6892102396514166,2040,86598,471,633,71515.1,24746.5,10426,19969284,27.37794117647059,30.259313725490195,15.587254901960785,20.723039215686274,-166.76493137254903,333.0635294117647,156.1
1241225211,2023-03-09,99.0,1.0,3.8831409173704254,6708,87278,472,640,72084.9,24973.7,10555,20056524,26.286672629695886,32.70810971973763,13.747912939773405,14.457364341085272,-131.72763864042935,350.3262820512821,152.97197376267144
1241225211,2023-03-10,98.8,1.0,3.755169491525424,1182,87438,472,641,72217.6,25012.8,10579,20076304,23.98477157360406,26.495769881556683,19.480541455160743,17.8502538071066,-155.4449492385787,338.91649746192894,156.1
1241225211,2023-03-11,98.6,1.0,3.8955071045888654,4762,88097,474,646,72732.9,25205.2,10675,20180240,28.466610667786643,33.26291474170517,14.537169256614868,21.517639647207055,-127.38244015119699,351.4994750104998,153.24846703065938
1241225211,2023-03-12,98.6,1.0,3.747584431889517,1778,88503,475,648,73092.3,25311.3,10710,20259048,22.06130483689539,28.078740157480315,15.775028121484814,5.462317210348706,-136.2177727784027,338.03875140607425,156.1
1241225211,2023-03-13,98.5,1.0,3.9591166666666666,1596,88744,477,650,73286.6,25391.8,10730,20325708,14.550751879699249,17.31578947368421,10.516290726817042,10.649749373433584,-63.247863408521305,357.22832080200504,145.74360902255637
1241225211,2023-03-15,98.5,1.0,3.7515555555555555,1409,89284,479,652,73771.6,25536.8,10759,20451944,27.378992193044713,30.971611071682045,14.141234918381832,20.796309439318666,-180.17987934705465,338.3305180979418,156.1
1241225211,2023-03-17,98.5,1.0,3.796902025177887,2035,89873,482,655,74280.3,25708.7,10799,20598400,22.64127764127764,28.2009828009828,15.14103194103194,11.294840294840295,-143.8729828009828,342.5218673218673,155.48668304668303
1241225211,2023-03-20,98.5,1.0,3.7623877068557916,467,90103,484,656,74461.7,25776.5,10808,20713620,21.79443254817987,22.903640256959314,19.346895074946467,19.528907922912207,-146.32400428265524,339.58458244111347,156.1
1241225211,2023-03-21,98.5,1.0,3.9075981735159813,5110,90750,485,662,75031.7,25956.3,10898,20796248,26.751272015655577,33.94070450097848,16.836986301369862,14.672211350293543,-113.08806849315069,352.5037181996086,147.05219178082191
1241225211,2023-03-22,98.4,1.0,3.850214559386973,289,90911,486,663,75174.2,26025.2,10904,20852300,17.429065743944637,24.62629757785467,10.373702422145328,9.0,-126.99712802768165,347.66193771626297,156.1
1241225211,2023-03-27,98.4,1.0,3.8010151515151516,434,91536,493,664,75660.3,26192.2,10913,21110060,19.096774193548388,20.15437788018433,16.28110599078341,18.06221198156682,-142.74036866359447,342.97050691244243,156.1
1241225211,2023-03-28,98.4,1.0,3.8795254452926207,5243,92117,494,669,76149.4,26368.5,11005,21187900,22.058554262826625,31.194354377264926,13.82777036048064,9.309746328437917,-111.59931718481785,349.99031089071144,151.7123211901583
1241225211,2023-04-04,97.8,1.0,3.8632498230714787,1569,93058,504,671,76944.8,26630.3,11037,21509782,25.674952198852772,28.801147227533463,15.350541746335246,20.609305289993628,-129.9916826003824,348.55455704270236,153.6797960484385
1241225211,2023-04-07,97.5,1.0,3.8031338061465725,2341,93678,506,674,77438.3,26820.1,11071,21646256,23.240068346860316,30.469030328919267,13.853054250320376,12.319948739854762,-140.12833831695858,343.0653566851773,155.80764630499786
1241225211,2023-04-08,97.5,1.0,3.8314336182336177,3904,94249,506,676,77813.4,26892.4,11113,21678372,23.157530737704917,31.452868852459016,16.48155737704918,9.742059426229508,-132.86373463114754,345.6569928278688,154.93524590163932
1241225211,2023-04-11,97.3,1.0,3.7984088504088502,2307,94735,520,679,78161.0,27062.8,11159,21868040,27.137407889033376,31.452535760728217,14.258777633289988,20.664932813177288,-142.73843519722584,342.48465539661896,155.6430862592111
1241225211,2023-04-13,97.3,1.0,3.833124533929903,2987,95443,526,683,78797.4,27268.2,11218,22044384,22.44057582859056,27.760294609976565,13.430867090726482,13.401071309005692,-133.55713424840977,345.6894543019752,155.63635754938065
1241225211,2023-04-14,97.3,1.0,3.814621794871795,1037,95601,528,684,78954.6,27334.3,11238,22078096,24.257473481195756,32.40212150433944,15.428158148505304,11.828351012536162,-149.90938283510124,344.19990356798456,156.08688524590164
1241225211,2023-04-17,97.2,1.0,3.751348837209302,434,96221,533,685,79500.7,27509.4,11247,22248046,24.77880184331797,26.002304147465438,17.331797235023043,19.677419354838708,-167.03041474654378,338.51612903225805,156.1
1241225211,2023-04-18,96.9,1.0,3.815920987654321,4045,96731,535,689,79909.2,27665.9,11328,22329818,24.53053152039555,31.072435105067985,15.87911001236094,14.174289245982695,-125.83828430160692,344.26096415327567,155.21671199011124
1241225211,2023-04-20,96.8,1.0,3.7657944006999124,2537,97688,539,692,80732.7,27909.9,11379,22493832,29.98738667717777,34.27670476941269,17.454079621600314,22.296413086322428,-145.22900670082774,339.76424911312574,154.73169097359084
1241225211,2023-04-21,96.4,1.0,3.852673611111111,2876,98114,540,695,81142.5,28077.9,11437,22570480,29.36509040333797,35.31432545201669,15.21105702364395,19.215229485396385,-148.4009353268428,347.50907510431153,154.72089707927677
1241225211,2023-04-26,96.4,1.0,3.841543667123914,2429,98940,546,698,81939.4,28338.6,11487,22826476,24.09345409633594,28.246603540551668,13.060930424042816,14.022231370934541,-137.92757513379993,346.417249897077,153.87962124331
1241225211,2023-04-27,96.1,1.0,3.8867654320987652,2976,99416,547,701,82360.4,28465.0,11544,22890852,23.873991935483872,32.06485215053763,15.664650537634408,12.620295698924732,-119.31060147849462,350.6188844086022,149.04872311827958
1241225211,2023-04-28,96.1,1.0,3.82669052945563,2976,99853,551,705,82768.7,28639.7,11604,22986560,28.18918010752688,32.500336021505376,14.727150537634408,19.89516129032258,-157.83095094086022,345.19311155913977,155.784811827957
1241225211,2023-05-02,95.8,1.0,3.719218934911243,1687,100442,553,707,83302.5,28812.1,11634,23145516,33.37581505631298,35.374036751630115,23.071724955542383,19.0,-117.1363366923533,335.50794309425015,156.1
1241225211,2023-05-04,96.0,1.0,3.9156725686425453,4324,101354,556,713,84080.5,29063.8,11710,23311988,27.79162812210916,31.79255319148936,15.040934320074006,19.135985198889916,-126.89544865864941,353.29070305272893,147.4468778908418
1241225211,2023-05-05,96.1,1.0,3.7766213991769546,1080,101632,557,714,84346.3,29172.3,11733,23380292,27.637037037037036,31.225,13.869444444444444,21.0,-170.84088888888888,340.64824074074073,156.1
1241225211,2023-05-08,96.1,1.0,3.8599230769230766,1041,101951,559,715,84643.7,29281.6,11754,23486908,21.92026897214217,28.37848222862632,15.296829971181555,13.0,-132.32757925072048,348.1402497598463,154.77857829010566
1241225211,2023-05-09,96.0,1.0,3.749309017223911,3288,102610,561,720,85221.2,29469.9,11818,23599996,29.864659367396595,33.581204379562045,16.722931873479318,17.840936739659366,-161.8604318734793,338.3118917274939,156.09406934306568
1241225211,2023-05-11,96.0,1.0,3.9528048645660583,2009,103029,563,722,85563.2,29601.0,11853,23710868,23.835241413638627,28.74713787954206,14.660029865604779,10.0,-95.12531607765058,356.5442010950722,150.09825783972127
1241225211,2023-05-13,95.9,1.0,3.752367149758454,464,103638,567,723,86022.3,29733.9,11863,23874076,27.004310344827587,28.50646551724138,13.40301724137931,22.0,-190.50385775862068,338.34224137931034,156.1
1241225211,2023-05-16,95.9,1.0,3.781727124183006,1364,104195,569,726,86479.7,29871.6,11890,24004248,30.426686217008797,33.20967741935484,18.38782991202346,14.186217008797653,-167.6316348973607,341.049560117302,156.1
1241225211,2023-05-17,95.8,1.0,4.0666479452914235,2159,104401,570,728,86613.1,29966.7,11922,24066184,28.306211180124222,31.59130434782609,22.59297650160088,15.0,-62.536387146590634,366.80400440100016,120.93567451832241
1241225211,2023-05-18,95.9,1.0,4.05244942700548,2226,104924,572,730,86997.7,30101.2,11955,24177804,25.32659478885894,29.118598382749326,17.59119496855346,18.737196765498652,-73.97133423180593,365.4716082659479,131.44851752021563
1241225211,2023-05-19,95.9,1.0,3.838668363019508,1308,105282,574,732,87240.8,30169.0,11981,24237352,29.51223241590214,31.689602446483182,19.507645259938837,20.0,-159.91668195718654,346.2983180428135,156.00772171253823
1241225211,2023-05-20,95.9,1.0,3.8874384920634917,1123,105419,574,733,87334.8,30206.2,12004,24268854,33.534283170080144,35.47640249332146,25.00445235975067,0.0,-148.73041852181657,350.60908281389135,153.900089047195
1241225211,2023-05-24,95.7,1.0,3.8319169082125604,1151,106044,578,734,87815.9,30368.7,12027,24445052,25.610773240660297,29.458731537793224,11.684622067767158,13.0,-144.24816681146828,345.7044309296264,155.40477845351867
1241225211,2023-05-25,95.3,1.0,3.8505805555555552,797,106298,580,735,88019.6,30438.1,12044,24508336,26.120451693851944,31.820577164366373,14.83814303638645,22.0,-150.8999372647428,347.3732747804266,155.62120451693852
1241225211,2023-05-26,95.1,1.0,3.8598134011874468,1313,106769,582,738,88390.3,30562.5,12082,24592720,26.38842345773039,31.741812642802742,15.07006854531607,16.371667936024373,-152.64009139375477,348.25544554455445,155.53899466869763
1241225211,2023-05-27,94.8,1.0,3.861789652247667,2617,107249,583,741,88787.4,30706.7,12132,24676640,30.507451280091708,35.41727168513565,13.740160489109668,20.546809323653036,-145.74465418418038,348.417386320214,154.03840275124188
1241225211,2023-06-02,95.0,1.0,3.9404325396825395,1126,108004,590,742,89375.1,30915.4,12155,24971392,27.28241563055062,32.19005328596803,13.377442273534635,19.0,-125.23753108348134,355.46056838365894,151.91989342806394
1241225211,2023-06-03,94.7,1.0,3.862174781523096,887,108356,591,743,89666.7,31010.2,12173,25056426,29.137542277339346,33.529875986471254,13.728297632468996,24.0,-162.39704622322435,348.574182638106,155.19503945885006
1241225211,2023-06-07,94.7,1.0,3.802391785150079,2110,108976,594,746,90166.0,31175.4,12215,25231948,31.339336492890997,35.119905213270144,17.940284360189573,0.0,-162.0914123222749,343.05502369668244,155.8495260663507
1241225211,2023-06-08,94.7,1.0,3.810792899408284,1687,109375,595,750,90477.5,31271.9,12250,25303964,30.484884410195612,33.11796087729698,20.080023710729105,19.0,-158.45474807350325,343.8303497332543,156.01090693538825
1241225211,2023-06-09,94.7,1.0,3.8266088888888885,1503,109679,597,753,90754.5,31378.0,12279,25371828,33.26014637391883,35.17165668662675,24.533599467731204,21.0,-160.75345974717234,345.21636726546905,155.98649367930804
1241225211,2023-06-10,94.8,1.0,3.671702380952381,558,109991,599,754,91011.5,31452.3,12290,25436908,35.12724014336918,36.52150537634409,28.306451612903224,23.0,-180.3962365591398,331.48602150537636,156.1
1241225211,2023-06-16,95.1,1.0,3.694319783197832,403,110841,605,755,91713.5,31693.9,12298,25720390,29.46153846153846,32.583126550868485,20.885856079404466,16.0,-185.6059305210918,333.4133995037221,156.1
1241225211,2023-06-17,95.2,1.0,3.8068847736625515,1080,111194,607,757,92014.7,31816.9,12320,25807740,31.576851851851853,35.26574074074074,17.42222222222222,26.0,-168.86826851851853,343.2226851851852,156.0812037037037
1241225211,2023-06-20,95.4,1.0,3.7718409785932723,1093,111704,611,758,92425.4,31955.7,12342,25963820,34.853613906678866,37.88380603842635,24.048490393412624,20.0,-171.96600182982615,340.12827081427264,156.1
1241225211,2023-06-21,95.2,1.0,3.7308048048048046,376,112020,612,759,92691.4,32030.2,12349,26035040,30.75,32.630319148936174,17.805851063829788,24.0,-181.9380319148936,336.57606382978724,156.1
1241225211,2023-06-22,95.2,1.0,3.9134546887312847,2818,112466,613,762,93079.7,32180.4,12400,26118168,31.13555713271824,35.14904187366927,16.370120652945353,22.35486160397445,-128.0403726046842,353.1157913413769,150.4151525904897
1241225211,2023-06-24,95.2,1.0,3.799806380638064,1007,112849,616,763,93425.1,32298.2,12420,26234852,32.83217477656405,36.18470705064548,15.990069513406157,21.0,-168.87309831181727,342.8676266137041,156.1
1241225211,2023-06-25,95.2,1.0,3.7424878048780488,409,113159,617,765,93659.5,32357.8,12429,26304990,29.383863080684595,31.102689486552567,19.166259168704155,26.0,-175.3985574572127,337.5537897310513,156.1
1241225211,2023-06-26,95.2,1.0,3.70181240981241,767,113457,619,766,93917.6,32456.1,12445,26373864,36.26336375488918,37.835723598435465,28.091264667535853,0.0,-167.56256844850066,333.87705345501956,156.1
1241225211,2023-06-28,95.2,1.0,3.8665575757575756,556,113754,621,767,94173.5,32556.9,12456,26471762,27.37230215827338,31.962230215827336,13.751798561151078,20.0,-163.7984532374101,348.65287769784175,156.1
1241225211,2023-06-30,95.9,1.0,3.8199836829836826,2860,114428,624,771,94778.6,32747.1,12513,26616396,32.53881118881119,35.50349650349651,18.574825174825175,24.333566433566432,-158.74509090909092,344.64083916083916,155.20325174825174
1241225211,2023-07-06,95.1,1.0,3.8989230769230763,1036,115008,630,772,95275.4,32942.1,12534,26826880,31.605212355212355,34.9034749034749,15.216216216216216,23.0,-140.33645752895754,351.6953667953668,153.52808880308882
1241225211,2023-07-20,94.9,1.0,3.835916142557652,525,115800,638,773,95945.8,33168.5,12545,27189036,32.733333333333334,34.42476190476191,21.912380952380953,25.0,-166.2205142857143,346.22114285714287,156.1
1241225211,2023-07-21,94.9,1.0,3.6705217391304346,457,116206,639,775,96298.5,33258.5,12554,27268134,33.29759299781182,35.352297592997814,24.326039387308533,25.0,-177.04612691466085,331.5328227571116,156.1
1241225211,2023-07-25,94.9,1.0,3.710425120772947,468,116714,645,776,96713.5,33417.2,12564,27443024,35.0,36.927350427350426,21.363247863247864,0.0,-178.18739316239316,334.66858974358973,156.1
1241225211,2023-07-26,95.1,1.0,3.724222222222222,407,117050,648,777,96984.8,33510.7,12572,27541422,35.4938574938575,36.85749385749386,25.194103194103196,30.15724815724816,-178.4434643734644,336.15208845208844,156.1
1241225211,2023-07-28,95.1,1.0,3.904382055852644,3739,117725,650,782,97522.0,33699.0,12643,27658772,33.26718373896764,36.178122492645095,20.328697512703933,27.693500936079165,-134.78806097887136,352.1357314790051,152.6300347686547
1241225211,2023-08-03,95.1,1.0,3.7978632478632477,1694,118168,654,786,97919.5,33841.8,12676,27815888,29.481700118063756,33.63223140495868,20.217827626918535,25.0,-152.89868949232587,342.60814639905544,153.6495277449823
1241225211,2023-08-07,95.2,1.0,3.8266065359477124,2544,118936,659,789,98596.3,34086.5,12727,28020980,33.85259433962264,37.26139937106918,20.99056603773585,0.0,-158.9211674528302,345.2615959119497,155.4819575471698
1241225211,2023-08-12,95.2,1.0,3.9219923700524557,2333,119486,664,792,99030.5,34245.7,12768,28188064,33.621945992284616,35.41791684526361,25.807115302186027,25.821260180025718,-113.170471495928,353.7606086583798,152.52254607801115
1241225211,2023-08-14,95.2,1.0,3.7397996632996633,2634,120051,667,797,99560.6,34417.3,12819,28313552,34.105163249810175,37.10288534548216,23.916856492027335,30.0,-134.06962034927867,337.30113895216397,155.75159453302962
1241225211,2023-08-17,95.2,1.0,3.937843567251462,4563,120842,669,803,100230.0,34634.7,12893,28464052,31.758930528161297,34.518737672583825,21.03769449923296,22.082401928555775,-108.9689721674337,355.18934911242604,143.41130834976988
1241225211,2023-08-21,95.2,1.0,3.8668363636363634,4398,121402,670,808,100840.0,34861.7,12982,28569604,34.87653478854025,38.000454752160074,22.21737153251478,32.999545247839926,-143.8075216007276,348.8322191905412,153.86703046839472
1241225211,2023-08-26,95.6,1.0,3.90794248366013,856,122175,677,809,101510.0,35089.8,13000,28816372,29.35981308411215,33.10163551401869,14.899532710280374,23.516355140186917,-143.8904906542056,352.42161214953273,153.84906542056072
1241225211,2023-08-31,95.8,1.0,3.7922807017543856,375,123021,683,810,102210.0,35316.8,13007,29067344,29.914666666666665,32.10933333333333,17.688,26.429333333333332,-172.23767999999998,342.28186666666664,156.1
1241225220,2022-12-19,100.0,1.0,3.943950131233595,5075,17032,2,252,15736.6,5486.5,4728,3315613,19.592906403940887,26.352906403940885,17.032512315270935,-0.41576354679802957,-71.6669024630542,355.78439408866996,137.97038423645319
1241225220,2022-12-20,100.0,1.0,3.8870595393307257,7666,17419,2,258,16102.8,5618.6,4846,3373902,21.01917558048526,29.16057918079833,17.942212366292722,1.5472214975215237,-84.26955387424994,350.6182102791547,146.40028698147663
1241225220,2022-12-22,100.0,1.0,3.886774841600989,7198,17737,2,264,16416.5,5726.9,4945,3443046,19.11280911364268,25.848985829397055,18.71631008613504,-3.1171158655181994,-73.56558905251458,350.6952764656849,133.16053070297303
1241225220,2022-12-23,100.0,1.0,3.9992852433585417,5730,17939,2,266,16605.8,5793.6,5009,3497789,16.623734729493894,20.80959860383944,17.474869109947644,-6.394938917975567,-56.77924956369982,360.77647469458987,124.6991797556719
1241225220,2022-12-24,100.0,1.0,3.964497264667044,5886,18160,2,271,16814.9,5867.5,5082,3549598,19.52191641182467,25.029391777098198,20.306150186884132,-2.853550798504927,-62.540423037716614,357.6883622154265,137.19588854909955
1241225220,2022-12-26,100.0,1.0,3.934883495145631,6185,18455,2,276,17098.3,5965.8,5174,3613756,22.095392077607112,29.386742118027485,21.350687146321746,1.2300727566693614,-79.40746645109135,354.87975747776875,144.1605497170574
1241225220,2022-12-27,100.0,1.0,3.94280572597137,4884,18761,2,279,17358.3,6052.4,5256,3662973,19.71253071253071,27.401515151515152,18.20986895986896,3.161752661752662,-85.02177927927927,355.6743652743653,144.84185094185094
1241225220,2022-12-28,100.0,1.0,3.8034606530420483,4729,19066,2,283,17665.6,6150.1,5348,3710845,21.204694438570524,29.009938676252908,20.476633537745823,1.7331359695495876,-106.27372806090082,343.09469232395855,154.89600338337914
1241225220,2022-12-29,100.0,1.0,3.9032857946554147,7906,19438,2,290,18018.1,6288.2,5468,3774477,21.427902858588414,28.132937009865923,18.183025550215028,0.2455097394384012,-85.0495952441184,352.07883885656463,144.68052112319756
1241225220,2022-12-30,100.0,1.0,3.948189435336976,2433,19584,2,292,18147.9,6329.2,5502,3801567,22.286477599671187,26.13645704891081,15.734484175914508,5.072749691738594,-84.64305795314426,356.22955199342374,146.2698314837649
1241225220,2022-12-31,100.0,1.0,4.0188573268921095,3457,19679,2,294,18227.9,6360.3,5531,3837067,9.852183974544403,11.308649117732138,11.901648828463987,0.924790280590107,-41.94649407000289,362.5347700318195,108.40358692507955
1241225220,2023-01-02,100.0,1.0,3.941054162797895,3591,19880,2,296,18406.4,6418.7,5587,3897555,17.95655806182122,24.919799498746865,18.70983013088276,1.188526872737399,-79.7087858535227,355.5254246727931,145.920022277917
1241225220,2023-01-03,100.0,1.0,3.871196122296793,4467,20142,2,301,18640.7,6503.3,5664,3941170,19.493843743004252,26.211327512872174,22.743004253413925,0.7730020147750168,-95.26564584732483,349.209491828968,149.7402731139467
1241225220,2023-01-04,100.0,1.0,3.9137150695669214,5665,20417,2,304,18922.4,6604.1,5753,3992098,22.236716681376876,28.925507502206532,18.868314210061783,3.293380406001765,-85.16434245366284,353.00266548984996,143.7397705207414
1241225220,2023-01-05,100.0,1.0,3.9522249405368672,3274,20620,2,307,19098.6,6659.1,5805,4040343,15.024129505192425,20.089492974954183,14.651496640195479,2.0357361026267564,-80.62281307269396,356.4946854001222,139.6145998778253
1241225220,2023-01-06,100.0,1.0,3.9706952752492417,7694,20938,2,312,19407.2,6775.0,5909,4097424,20.846633740577072,26.71926176241227,15.690538081622043,5.034832336885885,-71.97473745775929,358.2016246425786,133.67778788666493
1241225220,2023-01-07,100.0,1.0,3.948906112161311,5282,21200,2,315,19637.6,6855.4,5986,4143444,22.69386595986369,28.885460053010224,20.4536160545248,4.461756910261265,-73.96496970844376,356.24216205982583,140.94210526315788
1241225220,2023-01-09,100.0,1.0,3.9485011373578303,6351,21505,2,319,19931.8,6957.2,6074,4204483,20.94111163596284,29.88269563848213,16.95040151157298,5.480081876869784,-76.43374744134782,356.1789796882381,138.65838450637696
1241225220,2023-01-10,100.0,1.0,3.9144558493174353,6428,21914,2,324,20303.5,7085.8,6182,4264703,22.329651524579962,29.040448039825762,19.93434971997511,5.2445550715619165,-98.21056627255756,353.12680460485376,148.0429060360921
1241225220,2023-01-11,100.0,1.0,3.8707945113788482,3322,22177,2,327,20576.3,7170.1,6249,4305064,21.813064419024684,30.487658037326913,13.343467790487658,7.415412402167369,-125.13417519566525,349.04437086092713,154.84536423841058
1241225220,2023-01-12,100.0,1.0,3.992254137115839,5647,22437,2,331,20787.9,7245.4,6315,4363898,14.981937311846998,17.205595891623872,10.068000708340712,7.936249335930583,-63.547379139366036,360.1088365503808,123.16516734549317
1241225220,2023-01-13,100.0,1.0,3.8752755648730486,4767,22795,2,335,21088.6,7349.9,6401,4427054,20.927627438640656,26.31025802391441,18.162785819173486,8.273757079924481,-108.16740088105728,349.6118523180197,151.24881476819803
1241225220,2023-01-14,100.0,1.0,3.937809825005271,5267,23123,2,339,21345.6,7446.7,6488,4483153,19.970951205619897,27.60356939434213,17.137269793051072,7.724321245490792,-90.6150977786216,355.1842984621226,148.45367381811278
1241225220,2023-01-15,100.0,1.0,3.8947739018087852,1723,23244,2,340,21443.8,7477.6,6519,4525482,17.355194428322694,20.012768427161927,22.599535693557748,1.0522344747533372,-89.73331398723157,351.32466627974463,151.8762042948346
1241225220,2023-01-16,100.0,1.0,3.800325224632917,5073,23555,2,345,21711.2,7570.3,6601,4577310,17.94736842105263,27.756554307116104,17.103094815690913,0.01478415138971023,-94.07990735265129,342.795978710822,152.00595308495957
1241225220,2023-01-17,100.0,1.0,3.85568345323741,4169,23851,2,349,21964.9,7659.0,6683,4625902,20.933557207963542,27.429839289997602,23.10242264331974,1.422883185416167,-105.90338930199088,347.93132645718396,153.83394099304388
1241225220,2023-01-18,100.0,1.0,3.994609641387419,7554,24162,2,355,22222.1,7753.8,6774,4689667,15.036272173682818,21.824728620598357,14.774424146147735,2.582737622451681,-60.33490468625894,360.36208631188777,129.42013502779983
1241225220,2023-01-19,100.0,1.0,3.752003734827264,2387,24389,2,358,22427.7,7809.2,6820,4734658,19.629660661918727,25.904482614160035,19.596145789694177,4.651026392961877,-117.90276497695854,338.48118977796395,156.1
1241225220,2023-01-20,100.0,1.0,3.891285846011987,4820,24647,2,362,22670.1,7905.5,6907,4777952,19.6097510373444,27.842323651452283,19.29605809128631,0.4228215767634855,-99.80407676348547,351.0387966804979,151.54427385892117
1241225220,2023-01-21,100.0,1.0,3.9551962835532404,3633,24753,2,364,22757.4,7940.6,6939,4817348,8.76946240859785,10.915271537362393,13.644771168044485,-0.11827704326341562,-48.53623896158771,356.85378692775885,123.51972533391822
1241225220,2023-01-25,100.0,1.0,3.774245120999219,4275,25061,2,368,23063.8,8032.5,7022,4883663,19.578479532163744,26.552982456140352,19.78479532163743,-2.512748538011696,-109.95447485380117,340.4490292397661,154.85738011695904
1241225220,2023-01-26,100.0,1.0,4.051382716049383,1795,25078,2,369,23079.9,8048.2,7037,4901149,6.979387186629526,9.65292479108635,15.763788300835655,-3.98941504178273,-41.13088579387187,365.51532033426184,94.67766016713091
1241225220,2023-01-27,100.0,1.0,3.8520885275519423,6156,25409,2,373,23388.7,8154.5,7132,4965151,17.278914879792072,25.98846653671215,17.941845354126055,-3.0053606237816766,-85.77746751137101,347.49972384665364,142.92855750487328
1241225220,2023-01-28,100.0,1.0,3.9058024109014675,4237,25658,2,376,23598.7,8225.8,7200,5010786,19.71772480528676,24.21548265282039,21.524899693179137,-0.03044607033278263,-82.90551333490677,352.41574227047437,150.85428369129102
1241225220,2023-01-30,100.0,1.0,3.8478471074380165,4844,25975,2,381,23886.4,8329.0,7288,5066556,21.18682906688687,28.64781172584641,19.929810074318745,4.201073492981007,-104.1021490503716,347.1044591246903,150.77074731626755
1241225220,2023-01-31,100.0,1.0,3.8753636938646423,5269,26357,2,387,24218.6,8432.1,7373,5119664,18.025241981400644,23.899981021066615,11.54070981210856,4.739229455304612,-98.5646175744923,349.6048396280129,139.04545454545453
1241225220,2023-03-01,100.0,1.0,3.8847593818984545,6034,33845,2,498,30671.8,10690.1,9384,6435716,22.171859463042757,30.427908518395757,18.758700696055683,9.670036460059661,-95.16736327477626,350.4067285382831,151.79953596287703
1241225220,2023-03-02,100.0,1.0,3.9068775278345833,4894,34137,2,501,30928.2,10784.7,9470,6487132,21.805271761340418,29.139354311401718,18.1702084184716,6.158357172047405,-94.5258336738864,352.3915815284021,143.39724152022885
1241225220,2023-03-03,99.6,1.0,3.926000318826717,6965,34570,2,507,31316.5,10916.4,9583,6548189,21.455707106963388,28.97185929648241,17.22713567839196,7.541995692749461,-93.05329935391242,354.13105527638186,146.67170136396268
1241225220,2023-03-04,99.6,1.0,3.935099684791174,5647,34969,3,512,31680.6,11023.0,9662,6622177,20.972551797414557,27.710996989551976,14.664600672923676,9.135470161147511,-87.96572870550735,354.9931645121303,137.96245794227022
1241225220,2023-03-06,99.1,1.0,3.7810692575984057,2224,35309,5,516,31980.2,11122.2,9707,6705857,23.547212230215827,26.804856115107913,14.31474820143885,15.467625899280575,-130.87785521582734,341.23125000000005,155.2923561151079
1241225220,2023-03-07,99.1,1.0,3.9729180191427376,2669,35724,6,519,32328.8,11229.4,9747,6784418,26.418883476957664,30.366804046459347,17.37542150618209,17.920569501686025,-95.83839265642563,358.1987261146497,137.1726863994005
1241225220,2023-03-08,99.0,1.0,3.870083014048531,1745,35997,7,521,32574.0,11326.8,9782,6858055,25.38510028653295,29.506590257879655,14.420057306590257,19.712320916905444,-121.76463037249283,348.9558166189112,153.4519770773639
1241225220,2023-03-09,98.9,1.0,3.8584653712007975,4463,36545,8,526,33043.1,11476.0,9862,6950223,24.05220703562626,30.45104190006722,18.62760475016805,12.670849204570917,-106.36573829262828,348.030652027784,150.24129509298677
1241225220,2023-03-10,98.1,1.0,3.9264953350296863,1307,36729,9,528,33197.8,11559.1,9887,7011359,26.218821729150726,28.93726090283091,16.54628921193573,23.501912777352715,-122.51889824024484,354.28041315990816,152.63267023718439
1241225220,2023-03-11,98.1,1.0,4.053530864197531,3603,37025,10,530,33450.4,11656.3,9927,7085484,23.046072717180127,27.863169580904803,20.288093255620318,16.540938107132945,-55.34635581459895,365.5963918956425,124.86042187066333
1241225220,2023-03-14,98.4,1.0,3.8665711583924347,2345,37323,11,532,33719.2,11742.4,9970,7195362,20.933475479744136,23.9863539445629,17.217910447761195,15.163752665245202,-93.64153091684435,348.84737739872065,153.6442643923241
1241225220,2023-03-15,97.5,1.0,3.8422098765432096,4502,37877,12,536,34235.0,11910.9,10061,7279261,25.504664593513994,31.434695690804087,13.403376277210128,15.593291870279876,-126.83772767658817,346.66841403820524,154.6321634828965
1241225220,2023-03-16,97.4,1.0,3.805245614035088,1516,38138,13,537,34472.4,11997.1,10091,7362973,23.560026385224276,28.277044854881268,13.225593667546175,13.03891820580475,-122.54143799472295,343.2673482849604,155.40151715039576
1241225220,2023-03-17,97.2,1.0,3.9124297188755017,1662,38393,14,538,34710.6,12087.1,10125,7433733,22.574007220216608,28.704572803850784,14.1985559566787,12.386883273164862,-102.02526474127556,352.87617328519855,151.60541516245488
1241225220,2023-03-18,97.0,1.0,3.80422030651341,3481,38851,15,541,35141.5,12228.6,10195,7520076,23.116058603849467,29.214593507612754,12.343004883654123,14.265440965239874,-122.85808675667911,343.116288422867,155.1478598103993
1241225220,2023-03-20,98.1,1.0,3.7987001915708816,2320,39267,17,544,35523.1,12345.4,10241,7616876,24.886206896551723,28.18060344827586,17.716810344827586,16.454310344827586,-119.08944827586208,342.7052586206896,155.28689655172414
1241225220,2023-03-21,98.0,1.0,3.993942328042328,4203,39559,18,547,35767.1,12458.1,10308,7683151,23.18058529621699,30.082798001427552,18.2131810611468,10.70687604092315,-82.7256911729717,360.25810135617417,142.44787056864146
1241225220,2023-03-22,97.8,1.0,3.799186176142698,2987,40048,19,551,36206.5,12596.3,10369,7778331,29.280549045865417,33.513223970539,19.4586541680616,21.226314027452293,-142.22912621359225,342.73562102443924,155.6609306996987
1241225220,2023-03-23,97.9,1.0,3.9314978288633458,4345,40511,20,554,36609.4,12743.2,10447,7862581,26.730264672036824,31.045339470655925,18.75788262370541,17.842807825086307,-96.8982416570771,354.551829689298,147.68209436133486
1241225220,2023-03-24,97.95,1.0,3.8334788788788785,2567,40897,21,556,36949.9,12848.7,10499,7949410,25.525833934097278,32.274031642258734,20.916140076464018,12.575976686021242,-108.82517322822349,345.82195861625627,155.11485817199457
1241225220,2023-03-25,97.9,1.0,3.89101210121012,3028,41192,22,559,37204.8,12946.0,10547,8023565,22.895310435931307,28.424702774108322,18.511889035667107,12.801519154557464,-89.30280713342141,350.9279392338177,141.88804491413475
1241225220,2023-03-27,98.0,1.0,3.94691536643026,2355,41477,23,561,37469.8,13052.4,10585,8120071,26.279830148619958,30.002123142250532,17.406794055201697,14.284501061571126,-103.76690870488324,355.95583864118896,144.11087048832272
1241225220,2023-03-28,97.6,1.0,3.8160508096035732,3978,42035,24,565,38035.5,13235.7,10665,8211155,26.604072398190045,33.18250377073907,16.73805932629462,14.804172951231775,-145.14813474107592,344.33014077425844,155.1694067370538
1241225220,2023-03-29,97.6,1.0,3.7522758945386063,2362,42409,25,568,38388.1,13324.4,10712,8286143,27.97713801862828,31.200677392040642,22.748941574936495,18.185859441151567,-108.06312447078747,338.61541066892465,156.1
1241225220,2023-03-30,97.4,1.0,3.932120226656812,4505,42738,26,572,38679.5,13466.7,10787,8365060,25.489234184239734,30.29256381798002,18.048390677025527,17.318534961154274,-89.55361820199778,354.74659267480575,145.55889012208655
1241225220,2023-03-31,96.9,1.0,3.8761601231716702,4327,43267,27,578,39143.1,13602.2,10864,8455980,25.990986826900855,30.18234342500578,17.884677605731454,17.368153455049686,-117.90765195285417,349.6499653339496,148.2008550959094
1241225220,2023-04-01,97.0,1.0,3.9158432457353616,2416,43478,28,580,39322.1,13690.5,10908,8513210,24.2317880794702,29.943294701986755,17.15066225165563,21.017384105960264,-95.5703476821192,353.1360099337748,149.17822847682118
1241225220,2023-04-03,96.7,1.0,3.8706102650874223,1964,43870,29,583,39652.0,13786.0,10948,8593627,29.510183299389002,32.5081466395112,14.745926680244398,23.109470468431773,-147.14887983706723,349.2322810590631,153.8848268839104
1241225220,2023-04-04,96.9,1.0,3.8502779922779924,2590,44232,30,586,39964.3,13897.8,10999,8666894,29.935135135135134,33.42857142857143,14.576833976833976,21.743629343629344,-143.19366023166023,347.31795366795365,154.47594594594594
1241225220,2023-04-07,97.0,1.0,3.7833021442495127,1713,44526,32,588,40235.8,13991.2,11034,8767169,24.895504962054876,28.153531815528314,17.394045534150614,17.41039112667834,-123.5389375364857,341.25055458260357,156.08704028021015
1241225220,2023-04-08,97.1,1.0,3.934803107862728,3377,44805,33,590,40490.3,14099.8,11082,8844953,16.73362592842674,23.66911725226361,13.106254728569919,10.611287147238516,-71.428052418994,354.8503079163379,146.60065833896016
1241225220,2023-04-10,97.2,1.0,3.982439506172839,1805,45084,34,591,40738.9,14186.6,11113,8932468,26.9196675900277,28.374515235457064,22.17174515235457,19.893628808864268,-86.98063711911357,359.1046537396122,145.49595567867036
1241225220,2023-04-11,97.4,1.0,3.88989898989899,3625,45428,35,593,41054.7,14293.8,11164,9012476,28.371862068965516,32.12275862068965,24.646620689655172,17.657931034482758,-72.57374068965517,350.85224827586205,150.3393931034483
1241225220,2023-04-12,97.4,1.0,3.97628002569043,1731,45639,38,594,41242.0,14361.9,11195,9093252,25.53783939919122,28.529751588677065,21.102830733679955,17.814558058925478,-90.08433853264009,358.5363373772386,146.77798960138648
1241225220,2023-04-13,97.4,1.0,3.9222265325670493,4645,46127,39,597,41673.2,14508.5,11271,9187122,25.158234660925725,30.733692142088266,19.422174381054898,15.226480086114101,-88.55708288482239,353.81967707212056,145.56124865446716
1241225220,2023-04-14,97.3,1.0,3.889204134366925,2577,46467,40,599,41976.0,14603.9,11318,9270729,28.953822273961972,32.232828870779976,24.996119518820333,22.20605355064028,-98.60616608459449,350.8253395421032,151.86538610787736
1241225220,2023-04-15,97.0,1.0,3.8638952745849298,2612,46734,41,601,42200.7,14695.7,11365,9349008,25.107580398162327,30.424961715160798,20.072741194486984,14.243108728943339,-91.4265045941807,348.56948698315466,152.40807810107196
1241225220,2023-04-17,96.9,1.0,3.9443194912083794,2964,47175,42,603,42591.1,14812.3,11413,9449125,27.392375168690958,29.312753036437247,20.32591093117409,18.903171390013494,-102.2177665317139,355.7593117408907,140.87567476383265
1241225220,2023-04-18,97.3,1.0,3.9381040564373895,2527,47447,43,605,42823.0,14918.8,11455,9510019,27.10407597942224,33.27265532251682,16.765730114760586,15.831024930747922,-104.744776414721,355.11400870597544,144.63035219628017
1241225220,2023-04-19,97.3,1.0,4.0091196217494085,2349,47677,44,607,43012.6,14987.5,11495,9572582,28.585355470412942,32.1455938697318,19.690932311621967,29.188590889740315,-96.14650915283099,361.6399744572158,140.409791400596
1241225220,2023-04-20,97.5,1.0,3.9067229551451184,3790,48158,45,610,43421.8,15116.6,11561,9659085,27.813456464379946,31.765699208443273,15.65461741424802,21.206860158311347,-105.37465963060687,352.3265963060686,144.35437994722955
1241225220,2023-04-21,97.5,1.0,3.7668244766505636,1379,48476,46,612,43715.3,15211.4,11589,9732591,28.258158085569253,31.892675852066716,14.61203770848441,24.867295141406817,-144.98163886874545,339.97077592458305,156.1
1241225220,2023-04-22,97.3,1.0,4.0124518872939925,2082,48755,47,614,43951.8,15304.5,11621,9804857,23.910662824207492,28.1926032660903,17.18780019212296,18.73823246878002,-78.41548030739673,361.9353986551393,142.49634966378483
1241225220,2023-04-24,97.3,1.0,3.9870130718954244,2724,49032,48,616,44201.5,15401.2,11661,9885053,29.5007342143906,33.01431718061674,19.298825256975036,22.96108663729809,-100.16220264317181,359.49078560939796,137.97808370044052
1241225220,2023-04-25,97.3,1.0,3.9720561282932416,1944,49286,49,618,44405.9,15467.5,11691,9949084,21.13940329218107,27.29835390946502,15.665123456790123,9.736625514403292,-78.08661008230452,358.3238683127572,144.4374485596708
1241225220,2023-04-26,97.3,1.0,3.867125683060109,1831,49726,50,620,44795.6,15583.2,11728,10039903,24.075368651010375,29.366466411796832,15.92626979792463,14.42818132168214,-130.48672310213,348.8485527034407,153.80950300382307
1241225220,2023-04-27,97.3,1.0,3.781688160291439,3042,50244,51,625,45246.7,15728.6,11790,10129687,28.272189349112427,32.52596975673899,17.117028270874425,18.11308349769888,-161.46012163050625,341.2596646942801,156.1
1241225220,2023-04-28,97.3,1.0,3.838061930783242,1836,50515,52,630,45478.5,15820.6,11825,10195576,28.441176470588236,31.1781045751634,15.71078431372549,21.793028322440087,-137.82307734204792,346.20070806100216,155.58970588235294
1241225220,2023-04-29,97.4,1.0,3.9435957161981254,824,50711,53,631,45620.5,15879.3,11842,10263510,21.86771844660194,25.487864077669904,17.54004854368932,14.932038834951456,-99.6575,355.775,152.3486650485437
1241225220,2023-04-30,97.6,1.0,3.8751567732115673,737,50917,55,632,45784.0,15933.0,11857,10338710,22.506105834464044,24.16417910447761,17.82767978290366,17.367706919945725,-133.61951153324287,349.5113975576662,155.70176390773406
1241225220,2023-05-02,97.5,1.0,3.8163038821954487,1656,51329,56,634,46138.2,16043.8,11890,10421298,30.589975845410628,33.89613526570049,14.614734299516908,24.105676328502415,-171.3246074879227,344.4114734299517,155.7137077294686
1241225220,2023-05-03,97.6,1.0,3.7980612109115106,1675,51687,57,636,46442.1,16148.8,11924,10498817,33.01731343283582,36.48059701492537,17.077611940298507,26.395820895522387,-170.14827462686566,342.54567164179105,155.8788656716418
1241225220,2023-05-04,97.6,1.0,3.8706976090014065,3950,52116,58,639,46828.5,16290.3,11994,10581527,30.592911392405064,33.9053164556962,21.93873417721519,23.394177215189874,-98.16509620253164,349.05149367088603,147.04286075949366
1241225220,2023-05-05,97.5,1.0,3.794744069912609,888,52343,59,640,47024.3,16354.9,12011,10653157,29.60472972972973,31.64527027027027,26.0,21.71734234234234,-102.1454954954955,342.45934684684687,156.1
1241225220,2023-05-08,98.1,1.0,3.89796412037037,1913,52685,60,642,47317.1,16464.6,12048,10755243,28.2890747516989,30.326189231573444,22.106116048092,21.602718243596446,-116.19134866701515,351.62096184004184,153.5874019864088
1241225220,2023-05-09,98.1,1.0,3.9067246827246827,4297,53112,61,646,47694.3,16576.6,12119,10830821,29.184081917616943,32.492669304165695,23.232953223178963,21.79497323714219,-99.87254363509426,352.31003025366533,146.14447288806142
1241225220,2023-05-10,98.3,1.0,4.002351976137211,1486,53320,62,647,47864.9,16661.4,12149,10895362,28.30349932705249,32.50134589502019,18.091520861372814,26.79542395693136,-99.30809555854643,360.999528936743,145.99522207267833
1241225220,2023-05-11,98.1,1.0,3.8556344086021506,2481,53749,63,649,48249.2,16781.7,12198,10984779,31.453446191051995,34.3099556630391,23.079806529625152,26.191455058444177,-131.69779524385328,347.7469568722289,154.22676340185407
1241225220,2023-05-12,97.7,1.0,3.8037205104263925,3567,54190,64,653,48644.5,16920.1,12270,11069055,32.80684048219793,35.73395009812167,21.153069806560133,23.876647042332493,-138.1636473226801,343.0534062237174,155.1811606391926
1241225220,2023-05-13,97.8,1.0,4.014508212560386,1157,54451,65,654,48852.0,17000.0,12292,11135900,28.766637856525495,30.600691443388072,20.464131374243735,24.271391529818494,-92.68081244598098,362.03751080380295,147.47372515125323
1241225220,2023-05-15,97.5,1.0,3.877936157151627,1804,54668,66,655,49045.3,17065.4,12324,11210115,31.916851441241686,34.98614190687361,26.772727272727273,29.09090909090909,-90.99373059866963,349.82366962305986,152.54905764966742
1241225220,2023-05-16,97.6,1.0,3.91548495788207,2773,55036,67,658,49378.8,17176.3,12378,11296883,33.072484673638655,35.7695636494771,22.73314100252434,31.105661738189685,-118.01091597547783,353.1918860439957,152.59084024522176
1241225220,2023-05-17,97.6,1.0,4.023693121693121,1885,55232,68,661,49527.9,17239.7,12407,11351505,30.750663129973475,34.277453580901856,21.23925729442971,29.480636604774535,-82.7243023872679,362.8468435013263,140.08557029177717
1241225220,2023-05-19,97.6,1.0,3.9574285714285713,1194,55579,70,662,49800.8,17329.9,12431,11472571,31.03601340033501,33.77386934673367,20.292294807370183,25.59212730318258,-113.70944723618089,356.8425460636516,151.17018425460634
1241225220,2023-05-22,97.5,1.0,3.7678327832783274,1006,56097,72,664,50245.8,17462.3,12451,11616831,32.07355864811133,34.439363817097416,18.19582504970179,24.392644135188867,-177.86103379721672,339.90566600397614,156.1
1241225220,2023-05-23,97.6,1.0,3.868536745406824,5075,56593,73,670,50702.9,17628.0,12542,11703594,30.691231527093596,34.63211822660099,22.84630541871921,20.78463054187192,-110.049239408867,348.97339901477835,151.47627586206897
1241225220,2023-05-24,96.2,1.0,3.930705398208666,4598,57065,74,674,51112.9,17775.8,12618,11789181,31.018921270117442,33.93997390169639,23.07525010874293,23.349282296650717,-97.12500434971727,354.63240539364944,142.4912353197042
1241225220,2023-05-25,96.2,1.0,3.9570313075506447,1806,57282,75,675,51296.4,17850.7,12652,11847578,30.93466223698782,33.893133997785164,20.401439645625693,27.023255813953487,-93.0569158361019,356.9509413067553,147.8032668881506
1241225220,2023-05-26,96.4,1.0,3.8288679672038453,3933,57758,76,678,51716.8,17985.8,12729,11933165,31.3907958301551,34.57309941520468,20.42461225527587,25.72234935163997,-105.06131960335621,345.4427917620137,153.23719806763285
1241225220,2023-05-30,96.2,1.0,4.020463768115942,2528,58065,77,681,51990.7,18081.2,12767,12025888,30.293117088607595,33.20213607594937,24.283623417721518,28.42365506329114,-81.01742484177215,362.6717167721519,137.0420094936709
1241225220,2023-05-31,96.4,1.0,3.858183842691305,4693,58488,77,686,52361.5,18200.4,12858,12084247,31.20434689963776,33.552951203920735,24.628595780950352,25.338589388450885,-115.54038781163436,348.0048796079267,153.93321968889836
1241225220,2023-06-01,96.4,1.0,3.8801038181038177,2589,58864,78,689,52695.6,18317.3,12906,12163534,33.69872537659328,35.70876786404017,26.298184627269215,26.56006179992275,-109.79639629200463,350.0076091154886,152.67543453070684
1241225220,2023-06-02,96.0,1.0,3.916471615720524,2290,59263,79,692,53040.4,18438.8,12949,12241271,31.10393013100437,34.06157205240174,19.079475982532752,23.062008733624456,-131.34220087336246,353.3782096069869,151.22109170305677
1241225220,2023-06-03,95.8,1.0,3.8093885677585098,3460,59654,80,696,53377.4,18558.2,13009,12323402,29.990462427745666,32.85260115606936,21.583815028901736,28.508092485549135,-90.94214739884393,343.6163294797688,152.22728323699423
1241225220,2023-06-05,95.9,1.0,3.894510194961175,1789,59865,81,697,53563.1,18635.9,13039,12396049,28.29332897318509,30.744230769230768,17.711708255773004,27.27174623937214,-101.21407815565729,351.3892624641545,148.3272400261609
1241225220,2023-06-06,96.0,1.0,3.894153213042102,3502,60358,82,700,54039.0,18768.3,13100,12489878,32.276127926898916,35.66419189034837,22.88292404340377,23.29640205596802,-111.79582809822958,351.2927470017133,145.7417761279269
1241225220,2023-06-07,96.4,1.0,3.6923646370829033,3234,60751,83,705,54395.8,18886.8,13156,12570238,33.18336425479283,34.94805194805195,27.509894867037723,24.576376004947434,-106.62467532467532,333.0190476190476,156.1
1241225220,2023-06-08,96.5,1.0,3.9003212851405618,3325,61181,84,711,54752.3,19029.4,13219,12644539,30.166616541353385,33.21263157894737,19.372330827067668,21.493834586466164,-134.23021654135337,351.8995187969925,153.4810827067669
1241225220,2023-06-09,96.4,1.0,4.020138992925509,2665,61449,85,714,54958.7,19114.2,13258,12725022,31.846153846153847,35.0390243902439,23.970356472795498,28.681801125703565,-73.51246904315198,362.60634146341465,136.75155722326454
1241225220,2023-06-10,96.6,1.0,3.895113402061855,969,61770,86,716,55243.4,19203.0,13277,12798308,33.59752321981424,35.90196078431372,23.479876160990713,27.795665634674922,-147.8330959752322,351.3663570691434,154.45087719298246
1241225220,2023-06-12,96.6,1.0,3.7904618055555557,646,61994,87,717,55432.7,19258.6,13290,12863839,34.82043343653251,37.28792569659443,19.70123839009288,27.693498452012385,-171.25521671826624,341.99380804953563,156.1
1241225220,2023-06-13,96.5,1.0,3.872670016750418,1985,62254,88,719,55669.2,19352.6,13329,12930443,33.953652392947106,35.9455919395466,25.51536523929471,26.858438287153653,-115.16759697732998,349.41204030226703,153.87692695214108
1241225220,2023-06-14,95.9,1.0,3.877246376811594,2531,62741,89,723,56103.1,19486.7,13380,13016169,31.824575266693007,34.967996839193994,19.879889371789805,24.544053733702093,-142.70755827736073,349.76550770446465,153.79913077834846
1241225220,2023-06-15,95.6,1.0,3.960376933895921,1582,63024,90,725,56341.4,19583.4,13408,13089839,31.792035398230087,34.507585335018966,23.096080910240204,23.61251580278129,-113.74740202275599,357.13091024020224,148.46637168141592
1241225220,2023-06-16,95.7,1.0,3.8870174744477413,3371,63621,91,729,56855.1,19740.3,13472,13197021,32.085731237021655,34.80510234351824,19.18777810738653,27.48709581726491,-136.5834796796203,350.7003263126669,151.72438445565112
1241225220,2023-06-17,95.5,1.0,4.091626984126984,552,63700,92,730,56927.1,19795.7,13479,13261928,29.583333333333332,31.10326086956522,32.0,31.134057971014492,-60.3530615942029,369.08315217391305,133.52699275362318
1241225220,2023-06-19,95.0,1.0,3.8509035314384152,2585,63985,92,733,57187.3,19874.0,13531,13308492,34.05493230174081,36.70986460348163,22.2321083172147,32.915280464216636,-138.88750483558994,347.44382978723405,155.24947775628624
1241225220,2023-06-20,95.1,1.0,3.9005710738671633,1785,64231,93,734,57398.1,19955.7,13566,13368478,29.567507002801122,33.42240896358543,15.844257703081233,27.597198879551822,-102.54004481792718,351.83070028011207,151.5610644257703
1241225220,2023-06-22,95.0,1.0,3.9728270609318996,2488,64543,94,736,57672.3,20056.6,13605,13465658,29.093649517684888,32.147909967845656,22.6241961414791,28.740353697749196,-77.17959003215434,358.2768488745981,140.28693729903537
1241225220,2023-06-23,94.9,1.0,3.7835252080274104,2268,64984,95,739,58074.6,20168.7,13645,13550022,34.051587301587304,36.23721340388007,25.28174603174603,29.71384479717813,-129.9444312169312,341.4233245149912,155.514417989418
1241225220,2023-06-24,95.1,1.0,3.8380413436692504,1291,65284,96,741,58331.7,20261.3,13671,13621950,33.46010844306739,37.117738187451586,21.048024786986833,32.373353989155696,-163.19903950426027,346.25832687838886,155.54570100697134
1241225220,2023-06-25,94.7,1.0,3.9878263090676884,1739,65518,97,743,58529.2,20350.7,13701,13695009,33.83093732029902,35.770557791834385,27.385278895917192,28.60149511213341,-97.31463484761356,359.735192639448,148.12415181138584
1241225220,2023-06-26,94.9,1.0,3.8665538329026696,2581,65880,98,745,58849.4,20449.2,13750,13771292,30.88725300271213,32.97520340953119,21.78612940720651,25.44246416117784,-104.45438202247192,348.77648198372725,153.65025184037194
1241225220,2023-06-27,94.7,1.0,3.9412048092868983,2680,66257,99,748,59161.7,20558.8,13802,13848038,33.75858208955224,36.01343283582089,23.508582089552238,30.736567164179103,-118.3083843283582,355.42652985074625,151.99462686567162
1241225220,2023-06-28,94.0,1.0,3.861924074074074,2398,66588,100,751,59439.1,20661.5,13849,13916174,34.23436196830692,36.9395329441201,22.34111759799833,29.357798165137616,-119.26429524603836,348.423352793995,153.9434945788157
1241225220,2023-06-30,94.0,1.0,3.9652873015873014,1396,66752,101,752,59575.6,20714.8,13877,13969986,32.68051575931232,36.058022922636106,20.140401146131804,28.209885386819483,-112.93916905444125,357.693123209169,149.48961318051576
1241225220,2023-07-01,94.6,1.0,3.9416670707070707,2749,67081,102,754,59870.2,20822.0,13922,14038393,32.41651509639869,35.82939250636595,23.152782830120042,28.225536558748637,-100.63540196435066,355.42448162968356,140.82506365951255
1241225220,2023-07-03,94.8,1.0,3.82608902984553,3270,67650,103,758,60354.7,20946.4,13985,14148510,32.83336710419465,35.89498911605942,25.765466056117276,32.73300748358814,-117.17288379108044,345.20870634508475,154.20256690667418
1241225220,2023-07-05,95.2,1.0,3.8995574229691874,1193,68012,105,759,60671.1,21088.9,14009,14285454,35.54316848281643,37.4056999161777,26.548197820620285,27.54316848281643,-104.7133025984912,351.71383067896056,152.49991617770326
1241225220,2023-07-06,95.2,1.0,3.840029993183367,1630,68300,106,762,60916.1,21168.4,14036,14358656,33.11533742331288,35.661963190184046,25.046625766871166,32.73312883435583,-116.07631288343558,346.49963190184053,154.87184049079755
1241225220,2023-07-07,95.3,1.0,3.7764451851851852,3001,68728,107,769,61297.1,21299.9,14093,14444974,33.7080973008997,36.415861379540154,21.96334555148284,28.462512495834723,-137.35769410196602,340.7118960346551,155.72212595801398
1241225220,2023-07-10,95.1,1.0,3.830213836477987,1061,69044,109,770,61550.6,21387.5,14114,14536846,36.485391140433556,39.35626767200754,22.192271442035814,29.841658812441093,-154.18705937794533,345.57756833176245,155.27163053722902
1241225220,2023-07-11,95.9,1.0,3.9933361180729596,3988,69462,110,773,61915.6,21517.0,14178,14622560,32.63264794383149,34.64393179538616,26.545887662988967,25.430040120361085,-80.50078736208626,360.1762286860582,142.1323219658977
1241225220,2023-07-12,95.9,1.0,3.865487566887,3533,70018,111,778,62408.4,21662.1,14239,14719800,33.210868949900934,35.28474384375885,25.644494763656947,28.628927257288424,-120.52571185960939,348.6199830172658,145.9994056043023
1241225220,2023-07-17,95.8,1.0,3.8953354297693914,1052,70223,112,780,62590.4,21746.1,14260,14840525,31.9287072243346,33.948669201520914,18.59125475285171,28.44106463878327,-154.67041825095058,351.4053231939164,155.08944866920152
1241225220,2023-07-19,95.8,1.0,3.8930791749833666,1677,70505,113,782,62843.1,21834.7,14294,14932066,34.07155635062612,37.02027429934407,21.77459749552773,30.824090638044126,-136.82813953488372,351.1264162194395,153.95951103160405
1241225220,2023-07-20,95.6,1.0,3.830421117249846,1804,70834,114,783,63125.3,21933.6,14329,15018009,30.716740576496672,34.073170731707314,21.03159645232816,33.072062084257205,-100.87954545454546,345.51258314855875,154.15986696230595
1241225220,2023-07-21,95.6,1.0,3.9048067226890755,2376,71231,115,786,63470.9,22028.8,14369,15091437,33.159511784511785,36.544612794612796,22.537457912457914,32.880050505050505,-115.07582070707072,352.1559764309764,148.59175084175084
1241225220,2023-07-22,95.8,1.0,3.9197481481481478,1195,71407,116,787,63643.0,22114.0,14393,15166714,34.793305439330545,37.75564853556485,20.96987447698745,32.32970711297071,-129.56565690376567,353.518410041841,152.23933054393305
1241225220,2023-07-24,95.9,1.0,3.947883468834688,2464,71656,117,789,63876.0,22203.2,14430,15243636,32.315746753246756,36.780032467532465,21.132711038961038,31.837256493506494,-99.90172077922078,355.9551948051948,143.859375
1241225220,2023-07-25,96.2,1.0,4.001035714285714,1685,71915,118,791,64097.7,22278.2,14462,15311228,33.34362017804154,35.58219584569733,25.398813056379822,31.82433234421365,-95.12077151335312,360.89958456973295,148.0521661721068
1241225220,2023-07-26,96.5,1.0,3.7412557651991616,2113,72346,119,793,64522.1,22402.1,14504,15405370,34.7950780880265,37.715570279223854,24.624704212020823,29.95929957406531,-142.54575958353053,337.5742546142925,156.1
1241225220,2023-07-27,96.4,1.0,3.960850762527233,4083,72745,120,796,64871.2,22529.7,14577,15481210,33.42223855008572,36.3948077394073,22.75581680137154,30.695077149155033,-99.2817536125398,357.2399706098457,146.20291452363458
1241225220,2023-07-28,95.7,1.0,3.7322701525054467,2041,73189,121,805,65261.9,22639.7,14619,15569183,33.754042136207744,37.10730034296913,25.694757471827536,34.00538951494366,-147.9282116609505,336.6026947574718,156.1
1241225220,2023-07-29,95.8,1.0,3.9671098833640266,1804,73364,122,806,65418.1,22733.0,14655,15638635,33.71951219512195,38.007760532150776,21.393015521064303,36.509977827050996,-110.23465631929047,357.7957871396896,147.18320399113082
1241225220,2023-07-31,95.9,1.0,3.857205344585091,1583,73703,123,808,65709.7,22804.7,14686,15718639,33.26152874289324,35.95388502842704,23.849652558433355,32.595704358812384,-110.26195198989262,347.91017056222364,153.0394188250158
1241225220,2023-08-01,96.0,1.0,3.8928087056128287,2908,74019,124,811,66003.2,22919.9,14741,15803218,34.779573590096284,37.16196698762036,25.10522696011004,35.22352132049519,-106.71724896836314,351.1784387895461,151.9409559834938
1241225220,2023-08-02,96.5,1.0,3.873240294511379,3326,74354,125,817,66279.6,23024.0,14799,15871889,35.33914612146723,37.63319302465424,28.107035478051714,31.82922429344558,-105.09416416115454,349.386590499098,151.87687913409502
1241225220,2023-08-03,96.5,1.0,4.001819753086419,1797,74605,126,818,66512.1,23113.2,14828,15948504,33.48080133555926,36.18141346688926,24.44073455759599,36.15470228158041,-80.67644407345577,360.9176961602671,143.1555370061213
1241225220,2023-08-04,96.5,1.0,3.8381964821964822,2584,75022,127,820,66889.1,23213.1,14873,16038410,32.26973684210526,35.38893188854489,24.58668730650155,34.05766253869969,-90.3378366873065,346.1859520123839,153.02039473684212
1241225220,2023-08-05,96.6,1.0,3.9432616201859227,2509,75196,128,821,67055.3,23302.0,14915,16109844,33.57313670785173,36.98844161020327,24.628537265842965,36.460342766042245,-85.60918294141092,355.5992427261857,143.82881626145874
1241225220,2023-08-07,96.6,1.0,3.907383597883597,1686,75463,129,823,67291.7,23376.1,14948,16182650,34.4988137603796,36.64768683274021,25.498220640569397,35.18801897983393,-104.30527283511269,352.4276393831554,151.83784104389088
1241225220,2023-08-08,96.7,1.0,3.8217003584229388,1547,75809,130,826,67597.2,23462.3,14978,16259191,32.918552036199095,35.13251454427925,25.95475113122172,34.45959922430511,-121.33372333548803,344.6945054945055,155.5301228183581
1241225220,2023-08-09,96.7,1.0,3.8836742525658186,2494,76179,131,830,67967.2,23591.4,15026,16350465,33.55573376102647,36.06856455493184,21.65076182838813,30.378107457898956,-134.18038091419407,350.21856455493185,152.1083400160385
1241225220,2023-08-10,96.8,1.0,3.9301571334648253,3378,76485,132,834,68261.9,23717.9,15083,16428758,30.353167554766134,32.81113084665483,23.439313203078743,21.185612788632326,-104.5296062759029,354.49387211367673,145.8775902901125
1241225220,2023-08-11,96.9,1.0,3.8888626716604238,1779,76792,133,837,68528.0,23799.7,15119,16497537,33.88870151770658,36.01686340640809,24.70770095559303,26.89432265317594,-121.82248454187747,350.7900505902192,153.8177065767285
1241225220,2023-08-12,96.8,1.0,3.8164086021505375,1241,77096,134,838,68789.0,23885.8,15142,16570867,33.772763900080584,35.60515713134569,28.134568896051572,26.333601933924253,-97.85832393231264,344.3360999194198,155.41958098307816
1241225220,2023-08-14,96.4,1.0,3.8174179894179896,1471,77492,135,841,69140.4,23978.7,15171,16673142,35.68796736913664,38.91638341264446,23.610469068660773,31.15363698164514,-154.7948062542488,344.2966689326989,154.8691366417403
1241225220,2023-08-15,96.2,1.0,4.0488139381985535,1682,77604,136,842,69231.9,24053.1,15193,16721965,33.328775267538646,35.47859690844233,24.379310344827587,26.474435196195007,-65.70379904875148,365.17199762187875,132.78751486325802
1241225220,2023-08-17,96.4,1.0,3.7407797501643656,1693,77951,137,845,69561.5,24142.8,15225,16821870,34.264028352037805,36.96337861783816,25.049025398700532,32.10513880685174,-148.5223331364442,337.507265209687,156.1
1241225220,2023-08-18,96.5,1.0,3.948409515206263,3682,78414,139,849,69963.0,24283.1,15286,16904662,33.436990765888105,36.37968495382944,25.031776208582293,29.301195002715914,-103.63585008147746,356.13544269418793,144.06219445953286
1241225220,2023-08-19,96.0,1.0,4.0005289314873975,3135,78766,140,852,70267.5,24408.6,15336,16992158,33.16140350877193,35.665709728867625,22.54194577352472,33.22264752791069,-93.41854864433813,360.8395853269538,143.70695374800638
1241225220,2023-08-21,96.0,1.0,3.8943870370370366,2403,79095,141,854,70554.7,24497.9,15383,17064250,33.1344153141906,36.51810237203495,26.391593841032044,34.258426966292134,-109.33972950478568,351.2253849354973,152.77948397836036
1241225220,2023-08-22,96.1,1.0,4.029251851851852,1797,79301,142,855,70736.1,24572.8,15411,17131256,33.03005008347245,35.83750695603784,26.144685587089594,32.08069003895381,-74.76911519198664,363.46087924318306,139.3569838619922
1241225220,2023-08-23,96.2,1.0,3.977424943310657,4894,79760,143,857,71121.3,24708.0,15486,17213944,32.67674703718839,35.36657131181038,24.253780138945647,24.73784225582346,-79.17116469145893,358.71420106252555,137.96669391091132
1241225220,2023-08-24,96.4,1.0,3.7270316409124353,1518,80081,144,859,71397.9,24780.2,15516,17293570,31.95981554677207,34.97760210803689,26.866930171277996,28.73451910408432,-127.83791172595521,336.1872859025033,156.1
1241225220,2023-08-25,96.5,1.0,3.8772883895131085,4447,80655,145,863,71909.8,24963.2,15602,17395456,33.10861254778502,35.95997301551608,19.507308297728805,28.26152462334158,-135.29979311895661,349.7439847087924,152.05075331684282
1241225220,2023-08-29,96.8,1.0,3.8213443596268024,2615,81037,146,866,72276.1,25093.2,15653,17482236,31.26118546845124,34.65736137667304,18.85697896749522,23.68718929254302,-143.68912810707457,344.68512428298277,155.0542256214149
1241225220,2023-08-30,96.7,1.0,3.968926237161531,2389,81267,147,868,72478.4,25174.9,15693,17540132,31.550020929259105,34.8103809125157,21.920887400586018,23.750104646295522,-84.10786102971954,357.91423189619087,142.18635412306404
1241225220,2023-08-31,96.8,1.0,3.883369393734505,4923,81830,148,875,72990.7,25346.6,15784,17638400,32.461507211050176,34.93885841966281,22.387771683932563,26.722730042656917,-116.35348161690025,350.2757871216738,153.07659963436927
1241225226,2022-12-15,91.8,1.0,3.741294685990338,917,14729,8,126,11227.2,3796.3,2345,6406784,3.410032715376227,6.595419847328245,20.051254089422027,0.9749182115594329,-72.69901853871319,337.6423118865867,146.21254089422027
1241225226,2022-12-18,91.8,1.0,3.80496918767507,1191,14761,8,127,11262.6,3816.1,2363,6445573,6.769941225860621,9.711167086481948,16.329974811083122,-3.191435768261965,-76.24298908480269,343.26221662468515,150.76372795969775
1241225226,2022-12-19,92.7,1.0,3.8428217864923746,2543,15021,8,130,11513.8,3865.8,2403,6483525,10.90169091624066,14.626818718049547,18.55249705072749,-5.1435312622886356,-89.59895005898545,346.7362563900905,141.61034211561147
1241225226,2022-12-21,93.0,1.0,3.8206093189964156,2177,15021,8,131,11513.8,3910.9,2442,6495165,14.451998162609096,17.173633440514468,19.287551676619202,0.0,-96.85823151125402,344.5960496095544,150.84772622875516
1241225226,2022-12-22,93.1,1.0,3.8661898148148146,1916,15172,8,133,11649.0,3957.8,2478,6507146,23.198329853862212,31.5276617954071,16.42223382045929,-1.582463465553236,-116.72481210855949,348.66304801670145,152.25688935281838
1241225226,2022-12-23,93.1,1.0,3.835460038986355,2281,15318,8,134,11780.8,4005.1,2519,6549832,15.743971942130644,18.88075405523893,20.241999123191583,-4.563349408154318,-92.90004384042086,345.95497588776857,150.04861902674267
1241225226,2022-12-26,93.1,1.0,3.831571637426901,3045,15496,8,137,11958.8,4066.1,2570,6634730,13.02200328407225,15.526436781609195,21.401970443349754,-1.741215106732348,-92.9351724137931,345.63284072249587,149.66331691297208
1241225226,2022-12-27,93.1,1.0,3.8346814814814816,1191,15617,8,138,12057.7,4090.5,2589,6678867,9.591939546599496,10.82367758186398,14.197313182199832,0.5104953820319059,-82.2284550797649,345.98211586901766,152.47548278757347
1241225226,2022-12-30,93.1,1.0,3.8676423001949316,2286,15709,8,140,12142.0,4129.0,2624,6773192,13.7331583552056,16.241469816272964,17.900262467191602,1.246719160104987,-78.90590113735783,348.8349081364829,146.93272090988626
1241225226,2023-01-04,93.1,1.0,3.852763559768299,2112,15841,8,142,12260.4,4168.9,2657,6876858,12.948390151515152,15.804924242424242,21.205018939393938,-3.081439393939394,-84.6665956439394,347.6179450757576,148.7828125
1241225226,2023-01-11,93.1,1.0,3.785878618113912,1190,15958,8,143,12361.9,4193.6,2677,6990861,6.866386554621848,9.5,21.385714285714286,-3.3756302521008403,-86.33840336134453,341.68470588235294,150.24739495798318
1241225226,2023-01-12,93.1,1.0,3.896983451536643,1873,16037,8,145,12440.1,4232.6,2710,7044945,16.832888414308595,18.765616657768287,19.235985050720767,3.8569140416444205,-97.29098772023491,351.58019220501865,148.5851041110518
1241225226,2023-01-17,93.1,1.0,3.7660387016229713,1787,16206,8,146,12590.8,4274.8,2744,7135094,17.06323447118075,19.180190263010633,22.749860100727478,4.0,-105.50609960828203,339.7374370453274,155.18673754896474
1241225226,2023-01-19,93.1,1.0,3.834464052287582,2377,16332,8,148,12701.5,4321.5,2785,7194923,16.818258308792597,19.055111485065208,21.135464871687,1.40302902818679,-88.81745898190998,345.95717290702567,151.15338662179215
1241225226,2023-01-20,93.1,1.0,4.028131111111111,996,16370,8,149,12731.2,4332.4,2796,7219354,7.283132530120482,8.387550200803213,3.070281124497992,2.2198795180722892,-53.95212851405623,363.3778112449799,97.91606425702811
1241225226,2023-01-23,93.1,1.0,3.7679607843137255,1189,16525,8,150,12872.3,4365.8,2820,7300005,14.042052144659378,15.92094196804037,23.403700588730025,3.8730025231286795,-121.4701850294365,339.822960470984,154.2444070647603
1241225226,2023-01-25,93.1,1.0,3.71424649859944,1190,16603,8,151,12961.6,4391.0,2840,7349421,7.945378151260504,11.510084033613445,22.52605042016807,-9.076470588235294,-95.4042268907563,334.9973949579832,150.67915966386556
1241225226,2023-01-26,93.1,1.0,3.8807121212121207,885,16603,8,152,12962.1,4401.9,2850,7362048,3.8666666666666667,7.642937853107345,17.496045197740113,-9.203389830508474,-60.21290395480226,349.98903954802256,134.18937853107346
1241225226,2023-01-27,93.1,1.0,3.788190476190476,1191,16680,8,153,13035.5,4426.7,2870,7402236,8.95549958018472,12.661628883291351,23.30814441645676,-3.392947103274559,-91.90811922753988,341.78732157850544,151.02636439966415
1241225226,2023-01-28,93.1,1.0,3.974362416107382,1486,16732,8,155,13081.5,4445.3,2888,7438658,4.164199192462988,6.1965006729475105,10.467698519515478,-4.433378196500673,-60.68737550471064,358.5911843876178,103.89522207267832
1241225226,2023-01-30,93.1,1.0,3.7473650793650792,1190,16849,8,156,13188.0,4473.7,2909,7493917,9.82436974789916,12.36638655462185,22.078151260504203,-1.992436974789916,-102.1537731092437,337.9842016806723,151.6012605042017
1241225226,2023-01-31,93.1,1.0,3.9316019536019535,1827,16869,8,158,13210.3,4497.0,2931,7522861,8.905856595511768,10.942528735632184,13.234811165845649,6.608648056923919,-62.43412698412698,354.6543513957307,131.03388067870827
1241225226,2023-02-03,93.1,1.0,3.8620529986053,2381,17038,8,160,13358.5,4543.2,2969,7613844,11.023939521209575,12.917261654766905,20.209995800084,2.724485510289794,-82.71389752204956,348.3580428391432,150.9510289794204
1241225226,2023-02-04,93.1,1.0,4.069038194444444,646,17038,8,162,13359.3,4548.9,2975,7633299,6.068111455108359,7.267801857585139,17.679566563467493,4.984520123839009,-42.549891640866875,367.0239938080495,79.96919504643962
1241225226,2023-02-12,93.1,1.0,3.947352490421456,1158,17112,8,163,13419.5,4566.2,2990,7677147,7.5405872193436965,8.107944732297064,5.2072538860103625,4.715889464594127,-63.82848013816926,356.0690846286701,132.06640759930914
1241225226,2023-02-14,93.1,1.0,3.6879365079365085,277,17257,8,164,13537.5,4575.9,2995,7741123,9.646209386281589,10.151624548736462,15.649819494584838,2.7184115523465704,-105.93285198555957,332.6129963898917,155.07653429602888
1241225226,2023-02-15,93.1,1.0,3.753859943977591,1190,17299,8,165,13573.0,4606.2,3019,7761162,15.09579831932773,16.80924369747899,23.927731092436975,4.1495798319327735,-124.54299999999999,338.529243697479,155.26159663865545
1241225226,2023-02-16,93.1,1.0,3.9089830065359474,2550,17456,8,168,13698.2,4657.6,3059,7821584,15.575686274509804,17.268627450980393,13.728235294117647,2.3945098039215686,-91.93446274509805,352.5220392156863,143.7845882352941
1241225226,2023-02-17,93.2,1.0,3.8434410774410774,668,17534,8,169,13758.1,4673.3,3072,7868757,12.916167664670658,14.482035928143713,23.70059880239521,5.994011976047904,-107.69940119760479,346.66826347305386,155.6818862275449
1241225226,2023-02-19,93.2,1.0,3.7488289534347627,2406,17719,8,171,13894.6,4722.5,3114,7934786,16.711970074812967,18.55818786367415,22.677888611803823,5.913549459684123,-94.26316292601828,338.23295926849545,155.91670822942643
1241225226,2023-02-20,93.2,1.0,3.7942235294117648,1695,17826,8,172,13985.8,4754.8,3141,7975810,14.261946902654866,16.790560471976402,23.48141592920354,0.6088495575221239,-84.79959292035399,342.234808259587,153.47297935103245
1241225226,2023-02-21,93.2,1.0,3.8707005649717514,1770,17912,8,173,14059.4,4785.4,3168,8010939,14.9954802259887,17.273446327683615,22.810734463276837,1.848587570621469,-76.87420338983051,349.06209039548025,150.5787570621469
1241225226,2023-02-24,93.2,1.0,3.7734350282485876,1188,18076,8,174,14195.0,4820.8,3192,8098356,17.875420875420875,19.182659932659934,21.93013468013468,7.77020202020202,-131.85256734006734,340.3954545454545,156.1
1241225226,2023-02-26,93.2,1.0,3.82986741363212,3570,18282,8,176,14369.0,4882.0,3244,8177491,13.781512605042018,15.371148459383754,13.723809523809523,6.921568627450981,-75.71345658263304,345.4977030812325,147.11072829131655
1241225226,2023-02-28,93.2,1.0,3.7481124606387763,2462,18468,8,178,14539.4,4935.9,3288,8254465,18.379366368805847,20.487002437043053,23.443948009748173,12.958164094232332,-95.16251421608447,338.07774167343626,154.5909829406986
1241225226,2023-03-01,93.2,1.0,3.8312372881355934,1189,18556,8,179,14612.6,4967.7,3312,8294023,18.645079899074855,20.157275021026074,21.967199327165684,6.84188393608074,-123.70648444070649,345.5630782169891,155.4444070647603
1241225226,2023-03-02,93.2,1.0,4.0423787167449134,702,18556,8,180,14613.0,4976.1,3320,8305877,12.0,13.31054131054131,7.0,1.0356125356125356,-54.502706552706556,364.7176638176638,110.47678062678062
1241225226,2023-03-03,94.0,1.0,3.8616502301117683,1696,18696,8,181,14727.0,5013.2,3352,8352264,18.847877358490567,21.31191037735849,24.60318396226415,14.057193396226415,-98.13242334905661,348.33543632075475,153.07806603773585
1241225226,2023-03-05,93.9,1.0,3.698247051520794,1783,18841,8,182,14853.2,5039.6,3371,8437071,16.936623667975322,19.13853056646102,23.78687605159843,11.10880538418396,-57.19528323051038,333.6393718452047,156.1
1241225226,2023-03-07,93.9,1.0,3.8961694915254235,1778,18914,8,184,14909.4,5077.1,3403,8477596,19.712598425196852,22.06355455568054,22.449943757030372,2.9628796400449944,-101.92138920134984,351.4056805399325,152.03948256467942
1241225226,2023-03-08,93.9,1.0,3.7443243243243245,1842,19098,8,186,15058.6,5116.7,3434,8547562,22.271444082519,23.480456026058633,16.99457111834962,17.192725298588492,-89.4470684039088,337.7871335504886,156.07980456026058
1241225226,2023-03-10,93.6,1.0,3.792251379038613,2827,19251,8,188,15182.9,5169.2,3479,8619600,25.60134418111072,27.02405376724443,25.967456667845774,17.253625751680225,-83.61984435797665,342.07456667845776,153.59688715953305
1241225226,2023-03-13,93.6,1.0,3.776250233426704,1190,19407,8,189,15312.2,5200.3,3500,8686198,11.27983193277311,13.50672268907563,22.7890756302521,3.919327731092437,-104.45975630252101,340.739243697479,152.30899159663863
1241225226,2023-03-15,93.7,1.0,3.7619541809851085,1933,19594,8,192,15471.2,5248.4,3539,8785922,18.34092084842214,19.56958096223487,19.247284014485256,9.307811691670977,-110.55023279875842,339.3602172788412,155.65442317640972
1241225226,2023-03-16,93.7,1.0,3.9532300194931773,1140,19594,8,192,15471.2,5267.5,3557,8788203,25.61315789473684,30.25964912280702,19.023684210526316,13.83421052631579,-79.35640350877193,356.46473684210525,150.1811403508772
1241225226,2023-03-19,93.7,1.0,3.713847777777778,2002,19832,8,194,15673.3,5319.2,3597,8888505,20.436063936063935,22.007492507492508,18.62037962037962,11.782217782217781,-107.29275224775225,335.0857142857143,155.72517482517483
1241225226,2023-03-20,93.7,1.0,3.718574282147316,1778,19949,8,195,15772.6,5354.2,3626,8925794,23.44769403824522,24.289088863892015,19.475253093363328,19.956130483689538,-87.45129358830145,335.40365579302585,156.1
1241225226,2023-03-22,93.7,1.0,3.6368232323232323,1321,20103,8,197,15896.8,5382.5,3647,8988300,24.126419379258138,24.730507191521575,20.529901589704767,20.904617713853142,-86.17902346707041,328.00598031794095,156.1
1241225226,2023-03-23,93.7,1.0,3.785774250440917,630,20103,8,197,15896.8,5393.4,3658,8989561,28.557142857142857,29.49047619047619,23.215873015873015,20.98095238095238,-87.49412698412699,341.45936507936506,156.1
1241225226,2023-03-24,93.7,1.0,3.764476430976431,1328,20193,8,198,15966.9,5419.6,3680,9048445,18.54668674698795,19.16340361445783,19.27786144578313,15.588855421686747,-87.32181475903614,339.61415662650603,156.1
1241225226,2023-03-25,93.7,1.0,3.817410223912125,2625,20321,8,200,16071.2,5466.9,3721,9090229,21.130285714285716,22.16190476190476,20.30095238095238,12.689142857142857,-82.09883047619047,344.4209523809524,153.4205333333333
1241225226,2023-03-29,93.7,1.0,3.7341600529100534,1677,20514,8,202,16237.9,5509.2,3751,9204213,21.46153846153846,22.709600477042336,22.748956469886704,23.191413237924866,-98.19907573047108,336.8504472271914,156.1
1241225226,2023-03-30,93.7,1.0,3.7659850187265915,1785,20630,8,203,16327.9,5544.7,3780,9268942,24.287955182072828,25.086834733893557,21.29467787114846,18.552380952380954,-87.58022408963586,339.72358543417363,155.66134453781513
1241225226,2023-03-31,93.5,1.0,3.908569254185692,1457,20708,8,204,16390.7,5574.9,3807,9297377,24.94028826355525,26.10432395332876,26.0,26.685655456417297,-92.65422100205903,352.57426218256694,151.7455730954015
1241225226,2023-04-01,93.7,1.0,3.873525593008739,1785,20851,8,204,16433.1,5580.8,3809,9337805,24.524929971988797,25.42689075630252,22.085714285714285,20.56638655462185,-82.71512044817926,349.41456582633054,152.3247619047619
1241225226,2023-04-03,93.6,1.0,3.7037441975308645,2250,21069,8,208,16600.4,5624.5,3845,9416119,23.58088888888889,25.34711111111111,18.75911111111111,15.250222222222222,-83.92365777777778,334.17951111111114,156.1
1241225226,2023-04-06,93.3,1.0,3.8327789232531497,2906,21229,8,211,16730.7,5681.1,3894,9496072,20.484858912594632,22.677563661390227,21.087749483826567,12.86200963523744,-87.40646593255335,345.77725395732966,153.54604267033724
1241225226,2023-04-08,93.3,1.0,3.7463091247672256,1786,21420,9,212,16890.3,5723.0,3923,9585272,18.862262038073908,19.70212765957447,16.532474804031356,12.0,-87.47539193729003,337.9267077267637,156.1
1241225226,2023-04-10,93.1,1.0,3.7234294631710365,1785,21559,9,213,16999.6,5758.4,3953,9646531,23.70980392156863,24.477310924369746,19.428571428571427,16.712605042016808,-87.5684537815126,335.8673949579832,156.1
1241225226,2023-04-12,93.1,1.0,3.8009795158286774,1785,21657,9,214,17084.2,5794.2,3983,9703633,20.484033613445376,21.269467787114845,16.369747899159663,14.917086834733894,-87.6989355742297,342.84901960784316,154.8763025210084
1241225226,2023-04-15,92.9,1.0,3.7820033500837518,1996,21834,9,215,17234.9,5846.3,4023,9826278,25.79509018036072,27.306613226452907,24.752004008016034,11.96192384769539,-113.098997995992,341.12424849699397,154.79058116232466
1241225226,2023-04-17,92.8,1.0,3.7806405959031655,1786,21989,9,216,17358.4,5885.2,4053,9899028,21.760358342665175,22.673572228443447,21.0,18.999440089585665,-87.55010638297871,341.0573348264278,155.37676371780512
1241225226,2023-04-19,92.7,1.0,3.7755006242197253,1785,22136,9,217,17467.0,5921.6,4082,9970835,24.44985994397759,25.840896358543418,25.620168067226892,28.6515406162465,-87.42974229691876,340.5933333333333,155.40700280112046
1241225226,2023-04-21,92.4,1.0,3.80329112352576,1785,22257,9,218,17568.8,5959.0,4112,10047712,25.32829131652661,26.51372549019608,20.972549019607843,16.50812324929972,-87.69747899159664,343.10526610644257,154.50487394957983
1241225226,2023-04-26,92.3,1.0,3.7467991967871486,3322,22487,9,220,17763.9,6027.3,4162,10183405,18.99337748344371,20.929259482239615,18.8371462974112,12.941902468392534,-88.70043046357617,338.012522576761,154.73332329921732
1241225226,2023-04-28,91.8,1.0,3.8008450885668275,3448,22749,10,223,17970.8,6101.3,4218,10291010,28.4881090487239,29.546983758700698,26.040313225058004,22.42256380510441,-89.40700696055684,342.8664733178655,153.47468097447793
1241225226,2023-04-30,91.5,1.0,3.913883534136546,1660,22873,10,224,18069.6,6133.6,4244,10356355,21.19698795180723,22.179518072289156,21.0,20.90301204819277,-79.08409638554217,353.0056024096386,150.32885542168674
1241225226,2023-05-01,91.4,1.0,3.7836927297668037,2430,23094,10,226,18239.2,6185.7,4284,10425290,23.136213991769548,25.44650205761317,19.405349794238685,17.628395061728394,-87.36966666666667,341.3171193415638,154.9277366255144
1241225226,2023-05-02,91.4,1.0,3.8216621621621623,1484,23212,10,227,18331.0,6217.0,4309,10479208,25.733153638814017,26.985849056603772,25.0,24.876684636118597,-87.52378032345013,344.73456873315365,154.25141509433962
1241225226,2023-05-03,91.4,1.0,3.9124418754014125,1724,23304,10,228,18407.7,6250.4,4336,10528087,26.249419953596288,27.774361948955917,21.912412993039442,20.05800464037123,-79.98909512761021,352.8804524361949,150.2390951276102
1241225226,2023-05-07,91.1,1.0,3.6809375780274656,1785,23514,10,229,18581.3,6289.5,4365,10621762,22.142857142857142,23.70812324929972,28.569747899159665,14.998879551820728,-85.70220728291316,332.04067226890754,156.1
1241225226,2023-05-08,91.1,1.0,3.8694674115456236,1785,23560,10,230,18625.9,6321.6,4394,10656550,22.537254901960786,23.41064425770308,19.27955182072829,18.70420168067227,-83.2700168067227,348.9937254901961,152.56621848739496
1241225226,2023-05-10,91.1,1.0,3.8845787821720026,1778,23687,10,231,18724.6,6357.0,4422,10728451,27.25084364454443,28.553430821147355,27.0,27.041057367829023,-81.80297525309336,350.3813835770529,151.69465691788525
1241225226,2023-05-15,91.5,1.0,3.69002492211838,1065,23878,10,232,18877.6,6385.0,4439,10831289,20.17183098591549,20.692018779342725,13.941784037558685,12.935211267605634,-87.53342723004695,332.94901408450704,156.1
1241225226,2023-05-16,91.5,1.0,3.9298622482131247,1714,23886,10,233,18884.2,6413.5,4466,10854357,24.23803967327888,24.96149358226371,23.197199533255542,28.187281213535588,-79.07385647607934,354.4843057176196,148.73967327887982
1241225226,2023-05-17,91.9,1.0,3.9588420256991683,1464,23987,10,234,18961.1,6440.7,4489,10911956,29.685792349726775,31.05054644808743,30.636612021857925,32.99658469945355,-77.15785519125683,357.1011612021858,148.9786202185792
1241225226,2023-05-19,92.0,1.0,3.8857327707454288,1580,24128,10,235,19064.0,6472.9,4514,10982800,24.0746835443038,25.189873417721518,23.058227848101264,24.59620253164557,-82.80612658227848,350.4172151898734,152.4067088607595
1241225226,2023-05-20,91.9,1.0,3.775275938189846,1515,24296,10,236,19189.5,6507.3,4539,11042922,27.901650165016502,29.15775577557756,25.165676567656767,25.0,-87.39708910891089,340.5472607260726,155.81755775577557
1241225226,2023-05-22,91.8,1.0,3.792002482929857,1786,24426,10,237,19290.1,6544.6,4569,11106529,25.56215005599104,26.598544232922734,22.51063829787234,23.80795072788354,-87.55480963045912,342.0823628219485,154.84972004479283
1241225226,2023-05-24,92.0,1.0,3.8385459119496854,2649,24573,10,239,19409.0,6593.1,4611,11174243,29.92185730464326,31.402793506983766,27.10909777274443,24.76141940354851,-81.62106077765195,346.21381653454137,152.6079275198188
1241225226,2023-05-26,92.0,1.0,3.92074569402229,3290,24916,10,241,19656.6,6677.9,4670,11273093,29.05015197568389,31.433434650455926,18.33951367781155,22.720060790273557,-107.41355015197568,353.6666565349544,150.41006079027355
1241225226,2023-05-29,92.2,1.0,3.677787878787879,220,25124,10,242,19804.3,6690.3,4675,11346023,21.740909090909092,22.3,21.0,21.6,-142.3026818181818,331.5286363636364,156.1
1241225226,2023-05-30,92.2,1.0,3.749782092772384,1031,25163,10,243,19834.6,6721.1,4695,11358974,26.056256062075654,26.973811833171677,19.991270611057224,24.0,-144.4338603297769,338.1342386032978,156.1
1241225226,2023-05-31,91.9,1.0,3.878745269286754,2293,25272,10,245,19925.9,6770.8,4734,11402397,29.147405146096816,30.918447448757085,25.589620584387266,23.40819886611426,-94.60662014827737,349.8279982555604,151.53205407762755
1241225226,2023-06-03,91.7,1.0,4.000022267389341,2157,25459,10,247,20071.9,6821.3,4770,11504843,29.91534448131331,31.262102689486554,24.946699266503668,24.112224938875308,-80.18956361334264,360.8320832605658,144.3367392158575
1241225226,2023-06-09,91.4,1.0,3.8358763102725364,2125,25665,11,249,20230.6,6872.4,4806,11652351,30.12376470588235,31.016,24.728941176470588,21.358117647058823,-97.57622117647058,345.9808941176471,153.4532705882353
1241225226,2023-06-11,91.8,1.0,3.7620225988700566,585,25780,11,250,20318.1,6886.6,4816,11714086,24.316239316239315,25.066666666666666,22.0,22.0,-87.32632478632479,339.3680341880342,156.1
1241225226,2023-06-12,91.8,1.0,3.895449438202247,1784,25837,11,251,20355.8,6918.2,4844,11741792,29.91479820627803,31.029708520179373,30.269058295964125,30.791479820627803,-81.10442264573992,351.35162556053814,151.48032511210764
1241225226,2023-06-17,91.8,1.0,3.747629183400268,1664,26066,11,253,20521.8,6960.8,4872,11884657,33.2734375,34.45492788461539,25.849759615384617,29.236177884615383,-104.62572115384616,338.15769230769234,156.1
1241225226,2023-06-20,91.5,1.0,3.74203125,1274,26176,11,254,20607.2,6987.7,4893,11942852,28.44740973312402,29.347723704866564,27.0,26.59733124018838,-87.52064364207222,337.6276295133438,156.1
1241225226,2023-06-21,91.5,1.0,3.927632228719948,1715,26224,11,255,20645.6,7017.8,4920,11972099,25.448979591836736,26.159766763848395,23.31137026239067,23.722448979591835,-78.97398833819243,354.2914868804665,149.10501457725948
1241225226,2023-06-22,91.5,1.0,4.027975031210986,885,26290,11,256,20687.9,7033.0,4932,12016275,25.666666666666668,26.64858757062147,25.0,24.0,-70.92372881355932,363.34180790960454,141.92734463276835
1241225226,2023-06-25,91.5,1.0,3.9282054154995327,1190,26461,11,257,20809.9,7071.4,4956,12106569,30.388235294117646,32.773109243697476,15.036974789915966,26.354621848739495,-129.79668907563024,354.2688235294118,151.9335294117647
1241225226,2023-07-01,91.3,1.0,3.793857988165681,1694,26618,11,258,20929.4,7107.4,4984,12213361,32.799291617473436,33.72314049586777,25.73258559622196,27.62750885478158,-86.20619244391972,342.2559622195986,154.84191263282173
1241225226,2023-07-03,91.3,1.0,3.9172780989081564,1725,26707,11,259,20997.0,7139.7,5011,12266184,32.7368115942029,34.02782608695652,33.53565217391304,34.79188405797102,-79.6088115942029,353.36915942028986,151.1039420289855
1241225226,2023-07-06,91.8,1.0,3.701313358302122,1785,26920,11,260,21160.9,7178.0,5040,12359002,33.81008403361344,35.06498599439776,26.79887955182073,30.04873949579832,-85.87422969187675,333.9190476190476,156.1
1241225226,2023-07-08,91.8,1.0,3.8719083208769307,2232,27007,11,262,21229.0,7218.3,5075,12413992,28.67921146953405,29.90994623655914,27.47267025089606,29.74283154121864,-80.38480286738351,349.3462813620072,151.54775985663082
1241225226,2023-07-10,91.8,1.0,3.9619701213818854,1189,27153,11,263,21332.3,7252.1,5099,12483373,26.90075693860387,28.286795626576957,15.152228763666947,27.43986543313709,-109.7578889823381,357.51320437342304,150.21337258200168
1241225226,2023-07-12,91.8,1.0,3.9936919691969193,1005,27225,11,264,21384.6,7271.9,5114,12535281,26.997014925373133,28.02786069651741,29.0,32.799004975124376,-75.50557213930348,360.2618905472637,147.07004975124377
1241225226,2023-07-16,91.8,1.0,3.906395622895623,2638,27450,11,266,21545.4,7326.6,5156,12642153,29.144048521607278,30.00871872630781,26.9090219863533,27.98445792266869,-81.40931766489764,352.334306292646,151.19810462471568
1241225226,2023-07-19,91.8,1.0,3.9598467432950186,1455,27551,11,267,21619.1,7355.2,5179,12707578,26.733333333333334,27.509278350515466,27.01443298969072,32.01237113402062,-77.20391065292097,357.1421993127148,148.65051546391751
1241225226,2023-07-21,92.0,1.0,3.835431409062694,1786,27714,11,268,21744.5,7393.8,5208,12792975,32.59406494960806,34.1494960806271,27.789473684210527,34.28219484882419,-84.3239025755879,345.99518477043677,153.45145576707725
1241225226,2023-07-22,92.0,1.0,3.9825774278215222,1268,27786,11,269,21800.9,7418.6,5227,12831037,29.91403785488959,30.917192429022084,28.0,28.478706624605678,-75.8222239747634,359.13998422712933,147.7185331230284
1241225226,2023-07-24,92.0,1.0,3.9726650326797386,1365,27888,11,270,21877.2,7445.5,5248,12886962,30.232967032967032,31.094505494505494,29.01978021978022,29.91868131868132,-76.5148717948718,358.2671794871795,148.76373626373626
1241225226,2023-07-27,92.0,1.0,3.824746120422098,1786,28073,11,271,22006.4,7484.6,5277,12978728,32.284994400895854,33.23012318029115,28.221164613661813,30.837625979843224,-86.0409294512878,344.99977603583426,153.74305711086225
1241225226,2023-07-31,92.0,1.0,3.882380153738644,3182,28302,11,273,22179.1,7549.0,5328,13090017,33.037712130735386,34.37806411062225,23.735700817096166,29.37460716530484,-81.53095537397863,350.1954431175361,151.4582966687618
1241225226,2023-08-02,92.0,1.0,3.8686816479400745,1778,28455,11,274,22290.5,7585.1,5356,13162595,32.696850393700785,34.706411698537686,23.14623172103487,31.0,-81.1009561304837,348.92913385826773,152.31788526434195
1241225226,2023-08-04,91.5,1.0,3.893373283395755,1785,28595,11,275,22392.4,7621.3,5384,13227162,32.561344537815124,34.63193277310924,23.238095238095237,32.299719887955185,-79.19187114845938,351.1728851540616,151.26683473389355
1241225226,2023-08-07,91.5,1.0,3.8420782828282825,1755,28757,11,276,22512.9,7659.5,5412,13330836,32.86096866096866,34.50712250712251,24.877492877492877,30.53846153846154,-83.2848433048433,346.56085470085475,153.40216524216524
1241225226,2023-08-11,91.8,1.0,3.817423220973783,1785,28916,11,277,22627.8,7697.7,5442,13413527,30.496358543417365,31.568067226890758,30.0,29.45658263305322,-87.24901400560223,344.35305322128846,153.98946778711485
1241225226,2023-08-12,91.8,1.0,3.9647448275862063,1445,28998,11,278,22690.4,7725.8,5464,13452772,29.094809688581314,30.031141868512112,26.13356401384083,25.96332179930796,-76.96691349480969,357.6099653979239,148.6701730103806
1241225226,2023-08-14,91.8,1.0,3.7429796557120505,1426,29209,11,279,22831.8,7758.6,5487,13524705,33.23632538569425,34.3492286115007,28.09186535764376,31.218092566619916,-86.09256661991584,337.66072931276295,156.1
1241225226,2023-08-15,91.8,1.0,3.931632791327913,1636,29263,11,280,22873.2,7788.6,5512,13562000,33.719437652811735,34.98166259168704,26.763447432762835,30.793398533007334,-78.74853300733497,354.67286063569685,149.7138141809291
1241225226,2023-08-17,91.8,1.0,3.90547315855181,1785,29421,11,281,22977.5,7824.5,5540,13632571,32.707563025210085,33.646498599439774,28.79327731092437,28.0,-80.25209523809524,352.2992156862745,151.39966386554624
1241225226,2023-08-19,91.8,1.0,3.8391248439450685,1774,29597,11,282,23098.2,7861.9,5569,13700254,32.89402480270575,34.292559188275085,26.102029312288614,29.462795941375422,-84.05866967305523,346.33585118376556,153.3741262683202
1241225226,2023-08-25,91.8,1.0,3.925734603174603,1755,29701,11,283,23182.1,7896.2,5596,13780389,28.53048433048433,29.176068376068375,24.724786324786326,27.497435897435896,-78.86649572649573,354.1033048433049,149.90643874643874
1241225226,2023-08-26,91.8,1.0,4.018215204678362,945,29767,11,284,23231.4,7913.5,5610,13832342,29.06878306878307,29.476190476190474,27.0,27.66137566137566,-72.54474074074074,362.4548148148148,144.505291005291
1241225226,2023-08-28,91.8,1.0,3.9830008748906383,1273,29867,11,285,23301.2,7938.3,5630,13898185,29.350353495679496,30.377847604084838,29.0,29.960722702278083,-75.97336999214454,359.2369206598586,147.87321288295365
